city,year,weekOfYear,week_start_date,total_cases,station_max_temp_c,station_avg_temp_c,station_precip_mm,station_min_temp_c,station_diur_temp_rng_c,precipitation_amt_mm,reanalysis_sat_precip_amt_mm,reanalysis_dew_point_temp_k,reanalysis_air_temp_k,reanalysis_relative_humidity_percent,reanalysis_specific_humidity_g_per_kg,reanalysis_precip_amt_kg_per_m2,reanalysis_max_air_temp_k,reanalysis_min_air_temp_k,reanalysis_avg_temp_k,reanalysis_tdtr_k,ndvi_location_1,ndvi_location_2,ndvi_location_3,ndvi_location_4
iq,2000,26,2000-07-01,0,31.6,26.34,3.63,21.03,10.51,0.43,3.63,295.184286,296.74,92.418571,16.651429,6.17,302.914286,293.985714,298.45,8.928571,0.192886,0.2472,0.132257,0.340886
iq,2000,27,2000-07-08,0,33.07,26.91,8.66,20.9,11.91,12.23,8.66,295.358571,296.634286,93.581429,16.862857,6.571429,303.585714,293.271429,298.428571,10.314286,0.216833,0.241657,0.2761,0.289457
iq,2000,28,2000-07-15,0,31.0,26.74,7.93,20.97,11.44,1.3,7.93,295.622857,296.415714,95.848571,17.12,9.252857,301.085714,293.7,297.392857,7.385714,0.176757,0.128014,0.173129,0.204114
iq,2000,29,2000-07-22,0,27.58,25.02,0.8,18.23,12.55,4.83,0.8,292.797143,295.357143,87.234286,14.431429,3.422857,300.785714,291.671429,296.228571,9.114286,0.227729,0.200314,0.145429,0.2542
iq,2000,30,2000-07-29,0,31.61,25.97,8.97,20.34,11.27,1.44,8.97,293.957143,296.432857,88.161429,15.444286,4.542857,302.385714,292.885714,297.635714,9.5,0.328643,0.361043,0.322129,0.254371
iq,2000,31,2000-08-05,0,30.64,25.07,2.32,19.67,11.19,0.77,2.32,291.725714,297.191429,74.728571,13.421429,0.142857,305.171429,291.4,298.285714,13.771429,0.205529,0.255314,0.190757,0.231671
iq,2000,32,2000-08-12,0,32.71,27.0,12.77,21.29,11.43,11.0,12.77,293.821429,297.32,83.275714,15.311429,3.811429,304.714286,293.242857,298.978571,11.471429,0.312486,0.387271,0.329986,0.380586
iq,2000,33,2000-08-19,0,31.5,26.39,6.01,21.26,10.2,6.57,6.01,293.992857,297.627143,82.49,15.465714,2.414286,306.185714,292.485714,299.335714,13.7,0.384133,0.38275,0.39224,0.34178
iq,2000,34,2000-08-26,0,32.99,26.61,7.03,20.91,12.73,12.89,7.03,292.904286,298.238571,74.74,14.444286,0.798571,306.457143,292.685714,299.571429,13.771429,0.408157,0.302714,0.322157,0.406714
iq,2000,35,2000-09-02,0,33.58,27.22,7.66,20.93,12.57,12.83,7.66,293.472857,299.218571,74.151429,15.057143,2.295714,307.157143,294.7,300.928571,12.457143,0.332043,0.324257,0.321057,0.314614
iq,2000,36,2000-09-09,1,34.91,28.39,3.3,21.79,12.84,9.69,3.3,290.635714,300.802857,57.787143,12.652857,0.357143,309.385714,294.485714,301.935714,14.9,0.295586,0.265929,0.295683,0.312214
iq,2000,37,2000-09-16,0,33.94,27.6,4.95,21.33,12.71,1.14,4.95,293.64,299.858571,71.66,15.227143,0.585714,308.3,294.442857,301.371429,13.857143,0.284657,0.328157,0.309757,0.387883
iq,2000,38,2000-09-23,0,33.31,27.24,13.94,21.04,12.11,14.89,13.94,292.707143,297.435714,77.487143,14.338571,0.457143,304.171429,292.857143,298.514286,11.314286,0.348814,0.242571,0.295717,0.404843
iq,2000,39,2000-09-30,0,33.36,27.11,13.7,21.04,12.37,12.7,13.7,293.217143,299.355714,71.462857,14.798571,0.371429,308.357143,293.414286,300.885714,14.942857,0.175686,0.182786,0.099483,0.225714
iq,2000,40,2000-10-07,0,32.31,26.59,6.6,21.13,11.43,4.57,6.6,294.664286,298.372857,82.371429,16.148571,2.371429,306.485714,294.514286,300.5,11.971429,0.33754,0.25505,0.276943,0.2775
iq,2000,41,2000-10-14,1,33.33,27.69,4.44,22.03,11.3,0.71,4.44,294.592857,298.474286,81.522857,16.071429,3.128571,307.028571,293.542857,300.285714,13.485714,0.223533,0.100917,0.133914,0.3498
iq,2000,42,2000-10-21,1,33.81,28.09,3.6,21.17,13.39,9.87,3.6,294.007143,299.211429,75.54,15.528571,1.414286,308.614286,293.685714,301.15,14.928571,0.2748,0.279471,0.187057,0.373943
iq,2000,43,2000-10-28,0,34.19,28.0,7.04,21.99,13.13,4.57,7.04,294.708571,299.541429,76.941429,16.195714,3.328571,307.828571,294.371429,301.1,13.457143,0.3673,0.3258,0.30555,0.45538
iq,2000,44,2000-11-04,0,33.61,27.53,9.66,21.76,12.1,1.01,9.66,295.274286,299.44,79.428571,16.868571,2.885714,307.485714,294.157143,300.821429,13.328571,0.2951,0.279617,0.21152,0.3044
iq,2000,45,2000-11-11,0,34.29,28.01,7.4,22.34,12.19,1.93,7.4,295.28,300.748571,74.802857,16.847143,2.742857,308.242857,295.371429,301.807143,12.871429,0.271367,0.231867,0.151567,0.34725
iq,2000,46,2000-11-18,0,35.61,29.04,5.61,22.51,13.0,0.0,5.61,294.232857,301.637143,67.185714,15.88,0.514286,309.3,295.928571,302.614286,13.371429,0.099933,0.064183,0.03586,0.195486
iq,2000,47,2000-11-25,0,33.97,28.07,7.99,22.27,11.77,0.0,7.99,293.06,300.872857,66.042857,14.768571,1.6,308.485714,295.342857,301.914286,13.142857,0.169983,0.170917,0.2893,0.300983
iq,2000,48,2000-12-02,0,32.8,26.98,2.95,21.33,11.62,3.17,2.95,294.717143,299.23,78.885714,16.244286,2.071429,307.271429,295.257143,301.264286,12.014286,0.251971,0.3191,0.2538,0.323514
iq,2000,49,2000-12-09,0,33.56,27.8,3.5,22.02,11.86,0.8,3.5,293.305714,300.242857,68.557143,14.9,0.242857,308.757143,293.3,301.028571,15.457143,0.165833,0.18625,0.182414,0.254567
iq,2000,50,2000-12-16,1,31.44,26.61,15.87,21.76,9.66,9.71,15.87,294.52,298.757143,80.408571,16.098571,6.965714,306.328571,294.357143,300.342857,11.971429,0.338786,0.2977,0.316829,0.350343
iq,2000,51,2000-12-23,0,34.23,28.11,0.56,22.03,12.2,0.14,0.56,291.092857,300.411429,60.641429,13.188571,0.814286,308.5,295.5,302.0,13.0,0.265014,0.302243,0.169057,0.234867
iq,2001,1,2001-01-01,0,30.07,25.99,19.48,21.16,11.53,15.27,19.48,294.217143,298.78,78.484286,15.774286,11.031429,306.514286,293.971429,300.242857,12.542857,0.254714,0.287,0.228529,0.250586
iq,2001,2,2001-01-08,0,32.11,26.86,9.98,21.44,11.2,7.43,9.98,294.345714,298.044286,82.347143,15.858571,3.282857,304.957143,293.871429,299.414286,11.085714,0.302133,0.274,0.203517,0.267433
iq,2001,3,2001-01-15,0,32.26,26.87,21.39,21.5,10.77,8.84,21.39,295.061429,298.368571,84.175714,16.6,3.56,305.742857,294.728571,300.235714,11.014286,0.174757,0.176729,0.103317,0.258243
iq,2001,4,2001-01-22,0,30.6,25.66,7.15,21.27,9.89,22.43,7.15,294.594286,295.722857,94.057143,16.071429,12.575714,299.485714,293.857143,296.671429,5.628571,0.2376,0.231443,0.191267,0.125857
iq,2001,5,2001-01-29,0,31.8,26.36,12.45,21.69,9.97,21.26,12.45,294.411429,295.297143,95.407143,15.86,11.564286,298.671429,293.528571,296.1,5.142857,0.3415,0.369071,0.260667,0.329386
iq,2001,6,2001-02-05,0,32.08,27.07,4.56,22.02,9.98,0.38,4.56,293.408571,295.511429,89.08,14.947143,2.342857,299.214286,293.042857,296.128571,6.171429,0.233586,0.2267,0.161,0.196614
iq,2001,7,2001-02-12,0,30.71,26.33,9.55,21.94,8.74,12.01,9.55,294.438571,295.37,94.884286,15.93,5.422857,299.514286,293.471429,296.492857,6.042857,0.155414,0.1571,0.135017,0.148529
iq,2001,8,2001-02-19,0,31.86,26.93,2.31,21.97,9.86,5.3,2.31,294.73,296.07,92.842857,16.251429,4.882857,300.771429,293.185714,296.978571,7.585714,0.135371,0.184043,0.0823,0.129757
iq,2001,9,2001-02-26,0,31.73,26.77,6.73,21.84,9.91,3.89,6.73,295.767143,297.038571,93.314286,17.308571,3.851429,302.0,294.614286,298.307143,7.385714,0.30764,0.291283,0.228217,0.2245
iq,2001,10,2001-03-05,0,31.87,27.14,16.87,21.97,9.63,11.57,16.87,296.46,297.618571,94.092857,18.055714,11.984286,301.985714,295.4,298.692857,6.585714,0.182043,0.206329,0.289,0.206871
iq,2001,11,2001-03-12,0,32.46,26.9,10.62,21.29,12.09,5.7,10.62,295.544286,296.79,94.094286,17.065714,27.885714,302.271429,293.985714,298.128571,8.285714,0.205383,0.204129,0.1769,0.206357
iq,2001,12,2001-03-19,0,32.7,27.19,12.91,21.2,11.09,10.11,12.91,295.157143,298.701429,82.801429,16.757143,4.657143,305.057143,294.442857,299.75,10.614286,0.188343,0.284143,0.195033,0.163543
iq,2001,13,2001-03-26,0,32.52,26.42,13.44,21.27,9.75,14.18,13.44,296.078571,296.852857,95.924286,17.668571,43.502857,300.7,294.5,297.6,6.2,0.16238,0.132257,0.150817,0.094657
iq,2001,14,2001-04-02,0,32.7,26.89,12.35,21.56,11.63,13.31,12.35,295.695714,296.305714,96.737143,17.21,13.061429,301.157143,294.5,297.828571,6.657143,0.267814,0.2584,0.312643,0.2615
iq,2001,15,2001-04-09,0,32.2,26.54,11.55,21.24,11.33,9.71,11.55,296.13,297.175714,94.602857,17.695714,15.728571,301.685714,294.914286,298.3,6.771429,0.382757,0.376271,0.370971,0.343886
iq,2001,16,2001-04-16,1,32.61,27.34,11.1,22.03,10.54,6.9,11.1,295.985714,297.062857,94.615714,17.52,17.188571,301.9,294.4,298.15,7.5,0.312543,0.407486,0.282214,0.262129
iq,2001,17,2001-04-23,0,33.14,27.49,11.14,21.91,11.3,1.7,11.14,295.428571,297.961429,88.148571,16.968571,11.185714,304.328571,294.085714,299.207143,10.242857,0.245614,0.2288,0.214843,0.273371
iq,2001,18,2001-04-30,0,33.07,27.63,13.54,21.43,10.9,12.65,13.54,295.74,297.285714,92.192857,17.305714,14.838571,302.357143,294.942857,298.65,7.414286,0.254014,0.262557,0.179,0.312829
iq,2001,19,2001-05-07,0,31.71,27.03,6.51,22.24,9.39,5.87,6.51,296.332857,297.135714,95.82,17.891429,12.271429,301.742857,294.657143,298.2,7.085714,0.266457,0.227329,0.1886,0.1962
iq,2001,20,2001-05-14,0,32.5,26.4,10.58,22.7,7.3,0.0,10.58,296.99,297.297143,98.341429,18.64,11.471429,301.128571,295.485714,298.307143,5.642857,0.315343,0.303486,0.31965,0.2627
iq,2001,21,2001-05-21,1,32.93,27.1,10.12,21.5,11.17,15.0,10.12,295.827143,296.922857,94.71,17.368571,7.585714,302.228571,293.685714,297.957143,8.542857,0.298586,0.268529,0.379667,0.184243
iq,2001,22,2001-05-28,1,33.68,27.13,12.87,20.85,12.1,2.5,12.87,295.18,296.845714,91.465714,16.694286,2.9,302.4,293.6,298.0,8.8,0.299943,0.387443,0.302943,0.318714
iq,2001,23,2001-06-04,0,32.08,26.93,18.07,21.37,11.25,1.35,18.07,294.46,296.691429,89.487143,15.968571,4.375714,302.757143,293.028571,297.892857,9.728571,0.363567,0.246729,0.181914,0.253971
iq,2001,24,2001-06-11,0,31.8,26.57,6.73,21.21,10.47,5.3,6.73,294.341429,295.482857,94.017143,15.782857,13.58,300.071429,292.8,296.435714,7.271429,0.317083,0.217343,0.298967,0.219871
iq,2001,25,2001-06-18,1,31.52,26.27,7.7,21.27,10.0,5.63,7.7,293.647143,296.0,88.171429,15.134286,1.921429,302.028571,292.614286,297.321429,9.414286,0.1041,0.113757,0.108243,0.059657
iq,2001,26,2001-06-25,0,31.58,26.0,0.17,18.8,11.1,1.52,0.17,290.572857,294.845714,79.322857,12.464286,0.26,302.171429,289.828571,296.0,12.342857,0.1923,0.325414,0.275286,0.316457
iq,2001,27,2001-07-02,0,32.03,26.43,7.44,21.33,11.17,10.01,7.44,292.752857,295.795714,84.857143,14.297143,3.371429,301.328571,292.771429,297.05,8.557143,0.229083,0.242186,0.193267,0.270457
iq,2001,28,2001-07-09,0,32.94,27.34,5.58,20.79,11.14,2.9,5.58,293.438571,295.808571,88.322857,14.928571,2.385714,301.871429,292.171429,297.021429,9.7,0.359717,0.438843,0.311057,0.264986
iq,2001,29,2001-07-16,0,32.01,26.86,7.44,21.73,10.29,5.26,7.44,294.115714,297.555714,84.245714,15.605714,2.571429,304.642857,293.214286,298.928571,11.428571,0.3195,0.361633,0.205086,0.194743
iq,2001,30,2001-07-23,0,32.33,27.33,7.79,21.8,11.8,4.2,7.79,294.991429,296.815714,90.814286,16.505714,5.47,303.357143,293.085714,298.221429,10.271429,0.291157,0.325986,0.252633,0.2182
iq,2001,31,2001-07-30,0,31.16,25.86,4.0,20.36,10.66,1.56,4.0,293.452857,297.291429,82.225714,14.985714,1.387143,305.614286,292.742857,299.178571,12.871429,0.237117,0.1339,0.195617,0.188314
iq,2001,32,2001-08-06,0,32.63,26.9,0.0,20.91,11.5,0.0,0.0,291.387143,298.537143,66.664286,13.158571,0.028571,307.457143,292.814286,300.135714,14.642857,0.200757,0.204357,0.237729,0.223643
iq,2001,33,2001-08-13,0,33.23,27.16,0.73,21.4,12.14,2.57,0.73,292.024286,298.395714,69.475714,13.715714,0.0,306.442857,293.128571,299.785714,13.314286,0.282171,0.366457,0.273557,0.265857
iq,2001,34,2001-08-20,0,33.0,27.11,1.42,21.24,11.77,8.84,1.42,294.017143,298.44,78.388571,15.511429,4.3,305.914286,293.714286,299.814286,12.2,0.240757,0.246914,0.193114,0.206343
iq,2001,35,2001-08-27,0,33.33,27.16,6.8,21.19,12.36,5.3,6.8,293.725714,298.751429,76.955714,15.251429,2.414286,306.914286,294.114286,300.514286,12.8,0.228071,0.264643,0.199986,0.233143
iq,2001,36,2001-09-03,0,33.04,27.5,6.35,21.44,12.31,2.14,6.35,294.905714,298.691429,81.987143,16.437143,5.685714,307.242857,293.8,300.521429,13.442857,0.30695,0.338943,0.241029,0.190871
iq,2001,37,2001-09-10,0,31.94,26.3,5.17,21.24,11.33,13.57,5.17,294.122857,298.665714,78.957143,15.658571,2.8,307.014286,293.228571,300.121429,13.785714,0.308457,0.429071,0.250314,0.2983
iq,2001,38,2001-09-17,0,33.29,27.51,9.49,21.76,12.46,2.27,9.49,294.597143,297.962857,84.032857,16.104286,9.362857,304.885714,293.957143,299.421429,10.928571,0.353314,0.353043,0.343971,0.358671
iq,2001,39,2001-09-24,0,33.01,27.47,3.78,21.33,12.01,1.89,3.78,294.295714,298.707143,79.365714,15.894286,3.128571,307.928571,293.885714,300.907143,14.042857,0.334671,0.319771,0.388614,0.2854
iq,2001,40,2001-10-01,0,34.53,28.14,9.06,21.63,13.61,2.03,9.06,294.768571,299.547143,78.33,16.34,4.657143,307.771429,293.642857,300.707143,14.128571,0.334386,0.4444,0.271286,0.241686
iq,2001,41,2001-10-08,0,33.71,28.29,8.39,22.31,12.09,4.41,8.39,293.812857,299.158571,74.418571,15.327143,1.757143,305.957143,294.614286,300.285714,11.342857,0.420286,0.546017,0.381957,0.4438
iq,2001,42,2001-10-15,0,33.36,27.34,11.13,21.2,12.13,27.43,11.13,294.214286,300.308571,72.162857,15.872857,7.028571,308.642857,295.757143,302.2,12.885714,0.3102,0.382057,0.297129,0.345486
iq,2001,43,2001-10-22,0,33.49,27.83,11.02,21.96,11.64,11.57,11.02,296.607143,298.584286,90.265714,18.267143,16.337143,305.0,295.142857,300.071429,9.857143,0.124483,0.205571,0.239267,0.1845
iq,2001,44,2001-10-29,0,32.47,27.39,11.93,22.3,10.2,9.44,11.93,295.305714,298.341429,85.572857,16.958571,6.637143,305.142857,293.871429,299.507143,11.271429,0.210886,0.232,0.207567,0.206614
iq,2001,45,2001-11-05,0,33.24,27.76,4.93,22.2,10.97,2.87,4.93,296.195714,298.514286,89.004286,17.821429,23.534286,304.8,294.7,299.75,10.1,0.358143,0.3714,0.279343,0.305971
iq,2001,46,2001-11-12,0,33.34,28.19,8.83,22.63,10.64,10.56,8.83,296.198571,298.847143,87.481429,17.8,25.885714,305.428571,295.728571,300.578571,9.7,0.277329,0.296971,0.2303,0.2773
iq,2001,47,2001-11-19,1,33.44,27.64,9.41,22.6,11.6,0.14,9.41,296.752857,299.12,88.837143,18.451429,8.042857,305.1,295.871429,300.485714,9.228571,0.3297,0.441571,0.330417,0.340643
iq,2001,48,2001-11-26,1,34.21,28.3,6.78,22.47,12.01,5.04,6.78,295.811429,298.555714,87.377143,17.427143,4.5,303.642857,295.628571,299.635714,8.014286,0.3015,0.369917,0.3613,0.305571
iq,2001,49,2001-12-03,1,34.23,28.27,6.69,22.3,11.89,0.0,6.69,295.981429,298.754286,87.24,17.595714,22.642857,304.657143,295.785714,300.221429,8.871429,0.325057,0.350471,0.226471,0.299257
iq,2001,50,2001-12-10,2,32.71,27.49,19.75,22.26,10.46,10.71,19.75,297.5,298.245714,96.118571,19.305714,10.42,303.485714,295.7,299.592857,7.785714,0.326033,0.306643,0.235533,0.315571
iq,2001,51,2001-12-17,4,31.6,26.9,6.28,22.01,9.43,9.14,6.28,297.211429,298.564286,93.947143,18.965714,12.271429,303.371429,295.985714,299.678571,7.385714,0.222943,0.184129,0.224071,0.212814
iq,2001,52,2001-12-24,1,31.81,27.47,14.39,22.89,8.69,5.0,14.39,297.511429,298.238571,96.355714,19.302857,15.662857,302.6,296.1,299.35,6.5,0.298189,0.3417,0.338078,0.288789
iq,2002,1,2002-01-01,4,32.83,27.25,10.02,22.18,10.83,3.82,10.02,296.06,297.132857,94.588571,17.618571,15.685714,300.842857,294.9,297.871429,5.942857,0.405729,0.380014,0.3484,0.368643
iq,2002,2,2002-01-08,11,35.06,28.84,9.26,22.43,12.43,1.44,9.26,294.912857,300.012857,76.602857,16.482857,0.785714,306.971429,295.571429,301.271429,11.4,0.327583,0.383333,0.375917,0.410267
iq,2002,3,2002-01-15,16,35.13,28.83,3.25,22.69,12.57,0.29,3.25,294.605714,299.877143,75.204286,16.157143,0.671429,306.971429,294.842857,300.907143,12.128571,0.241086,0.197643,0.14565,0.278029
iq,2002,4,2002-01-22,23,33.26,27.46,17.3,21.8,11.57,4.57,17.3,295.11,298.915714,81.527143,16.677143,2.844286,304.985714,294.771429,299.878571,10.214286,0.104129,0.141914,0.148329,0.112186
iq,2002,5,2002-01-29,12,31.19,26.54,8.49,21.3,11.06,17.03,8.49,296.137143,296.858571,96.267143,17.69,6.16,300.514286,295.285714,297.9,5.228571,0.104129,0.141914,0.148329,0.112186
iq,2002,6,2002-02-05,14,31.46,26.73,0.67,22.11,9.49,10.34,0.67,295.231429,295.912857,96.641429,16.722857,9.994286,299.285714,294.1,296.692857,5.185714,0.184917,0.184429,0.173329,0.168743
iq,2002,7,2002-02-12,18,33.24,27.69,14.91,21.86,11.11,6.83,14.91,296.544286,297.847143,93.438571,18.147143,4.757143,303.142857,295.442857,299.292857,7.7,0.291971,0.373271,0.224143,0.3051
iq,2002,8,2002-02-19,8,31.76,27.03,5.35,22.41,9.34,2.0,5.35,296.122857,297.695714,92.05,17.687143,7.061429,302.885714,295.157143,299.021429,7.728571,0.1288,0.125171,0.122433,0.095943
iq,2002,9,2002-02-26,7,31.57,26.81,11.45,21.8,9.51,7.67,11.45,296.514286,297.062857,97.157143,18.125714,28.742857,301.1,295.285714,298.192857,5.814286,0.1162,0.210414,0.178743,0.089914
iq,2002,10,2002-03-05,10,33.88,27.4,13.26,21.1,12.6,8.44,13.26,296.698571,298.54,91.221429,18.361429,22.871429,304.442857,295.471429,299.957143,8.971429,0.318367,0.297383,0.2556,0.266
iq,2002,11,2002-03-12,7,32.64,27.01,5.99,21.61,11.21,2.57,5.99,296.238571,298.358571,89.778571,17.795714,6.7,304.857143,295.442857,300.15,9.414286,0.248386,0.299233,0.1795,0.269814
iq,2002,12,2002-03-19,10,32.93,26.94,8.74,21.23,11.96,9.7,8.74,296.81,297.951429,94.165714,18.442857,13.2,302.928571,295.557143,299.242857,7.371429,0.226586,0.243514,0.248333,0.2302
iq,2002,13,2002-03-26,5,30.93,25.9,15.77,20.95,10.07,10.33,15.77,296.108571,296.407143,98.457143,17.68,18.271429,299.414286,295.014286,297.214286,4.4,0.212786,0.228457,0.27455,0.1987
iq,2002,14,2002-04-02,11,32.21,27.03,13.43,21.64,10.39,2.87,13.43,296.741429,297.174286,97.775714,18.395714,17.471429,301.157143,294.971429,298.064286,6.185714,0.19708,0.276329,0.296229,0.1805
iq,2002,15,2002-04-09,8,28.56,26.3,10.85,21.22,9.4,0.0,10.85,296.351429,296.862857,97.244286,17.93,26.828571,300.271429,295.128571,297.7,5.142857,0.269829,0.266286,0.196814,0.202586
iq,2002,16,2002-04-16,18,32.96,26.84,15.64,21.1,11.56,0.0,15.64,296.31,297.764286,92.615714,17.935714,7.114286,302.285714,295.557143,298.921429,6.728571,0.26935,0.194943,0.212157,0.188929
iq,2002,17,2002-04-23,13,32.6,27.28,6.51,21.67,11.07,8.98,6.51,296.631429,297.584286,95.251429,18.222857,13.728571,302.471429,295.157143,298.814286,7.314286,0.267843,0.266929,0.261414,0.2485
iq,2002,18,2002-04-30,9,32.43,27.7,8.58,21.53,11.2,0.17,8.58,296.222857,297.408571,93.845714,17.807143,7.514286,302.3,294.8,298.55,7.5,0.170357,0.257071,0.141829,0.197729
iq,2002,19,2002-05-07,22,33.36,27.59,14.47,21.71,11.57,3.63,14.47,296.444286,297.355714,95.22,18.024286,9.55,302.457143,294.414286,298.435714,8.042857,0.227257,0.210114,0.178243,0.177386
iq,2002,20,2002-05-14,10,31.38,26.9,6.68,21.92,9.43,90.55,6.68,296.221429,296.784286,97.242857,17.744286,13.342857,300.128571,295.042857,297.585714,5.085714,0.1338,0.1417,0.109633,0.219614
iq,2002,21,2002-05-21,5,33.5,27.47,7.32,21.42,12.1,2.2,7.32,296.024286,297.05,94.804286,17.584286,4.614286,302.871429,294.371429,298.621429,8.5,0.192114,0.2222,0.177643,0.230857
iq,2002,22,2002-05-28,13,31.39,26.46,5.93,21.67,9.77,20.37,5.93,296.271429,297.557143,93.788571,17.822857,8.288571,302.542857,294.885714,298.714286,7.657143,0.176457,0.238629,0.174914,0.188157
iq,2002,23,2002-06-04,2,32.66,26.79,10.39,21.43,11.74,4.0,10.39,295.235714,296.267143,94.345714,16.774286,2.731429,301.457143,292.714286,297.085714,8.742857,0.320471,0.343186,0.278086,0.237729
iq,2002,24,2002-06-11,11,32.57,26.98,9.95,21.08,10.78,1.35,9.95,296.107143,297.257143,94.144286,17.638571,5.64,303.457143,294.485714,298.971429,8.971429,0.386267,0.391629,0.259133,0.328414
iq,2002,25,2002-06-18,11,30.06,25.69,5.59,20.74,8.74,3.41,5.59,293.871429,296.807143,85.737143,15.414286,3.278571,302.871429,292.157143,297.514286,10.714286,0.221271,0.225214,0.173514,0.211971
iq,2002,26,2002-06-25,3,31.81,26.4,0.45,21.11,10.69,1.01,0.45,292.147143,295.808571,82.167143,13.87,2.014286,302.271429,291.542857,296.907143,10.728571,0.179171,0.213286,0.2791,0.132614
iq,2002,27,2002-07-02,7,31.02,26.28,0.47,21.43,9.37,0.85,0.47,291.794286,294.635714,85.565714,13.454286,0.885714,299.242857,290.542857,294.892857,8.7,0.101543,0.076243,0.1266,0.119357
iq,2002,28,2002-07-09,7,31.0,26.27,0.82,20.84,10.67,3.76,0.82,292.95,295.882857,85.672857,14.464286,1.242857,301.428571,292.642857,297.035714,8.785714,0.21602,0.212971,0.235067,0.151186
iq,2002,29,2002-07-16,4,30.12,25.78,9.0,21.08,9.4,0.0,9.0,293.327143,296.442857,84.668571,14.818571,1.185714,303.328571,292.157143,297.742857,11.171429,0.108043,0.117971,0.072986,0.111229
iq,2002,30,2002-07-23,5,32.99,26.46,9.36,20.77,9.41,10.46,9.36,293.422857,296.875714,83.497143,14.93,1.772857,304.285714,292.314286,298.3,11.971429,0.2225,0.346471,0.2631,0.248986
iq,2002,31,2002-07-30,6,32.29,26.69,12.85,20.34,11.21,4.36,12.85,294.624286,297.161429,87.034286,16.075714,3.332857,304.028571,293.428571,298.728571,10.6,0.387014,0.283057,0.260171,0.349271
iq,2002,32,2002-08-06,7,33.47,27.3,2.05,20.85,12.47,0.0,2.05,292.674286,296.795714,80.47,14.245714,0.777143,305.371429,291.914286,298.642857,13.457143,0.304117,0.337843,0.278843,0.307457
iq,2002,33,2002-08-13,7,33.89,27.86,1.4,21.51,11.96,1.01,1.4,291.678571,298.304286,69.06,13.441429,0.242857,306.528571,292.142857,299.335714,14.385714,0.377157,0.360843,0.3059,0.2884
iq,2002,34,2002-08-20,4,33.09,28.0,4.53,20.97,12.1,10.09,4.53,292.451429,296.184286,82.141429,14.045714,0.801429,303.114286,290.357143,296.735714,12.757143,0.345425,0.309267,0.31354,0.29505
iq,2002,35,2002-08-27,9,32.71,27.44,5.54,21.57,11.19,3.44,5.54,293.874286,298.412857,77.765714,15.412857,1.528571,306.385714,293.585714,299.985714,12.8,0.304543,0.322471,0.269443,0.250857
iq,2002,36,2002-09-03,17,31.7,27.37,11.69,21.85,10.28,2.83,11.69,294.531429,299.395714,77.082857,16.034286,1.871429,306.642857,294.714286,300.678571,11.928571,0.229014,0.190886,0.131971,0.249457
iq,2002,37,2002-09-10,8,33.0,27.7,3.62,21.47,11.99,12.84,3.62,293.211429,299.015714,73.141429,14.745714,0.457143,307.228571,293.185714,300.207143,14.042857,0.307543,0.190771,0.294171,0.3234
iq,2002,38,2002-09-17,22,35.19,28.0,1.64,21.99,12.59,0.11,1.64,292.271429,300.32,64.688571,13.974286,0.114286,309.057143,293.028571,301.042857,16.028571,0.327414,0.383871,0.347257,0.338671
iq,2002,39,2002-09-24,18,32.9,27.23,5.51,21.59,11.26,12.41,5.51,294.414286,299.238571,79.562857,16.18,5.871429,307.7,294.528571,301.114286,13.171429,0.237983,0.320043,0.308429,0.268114
iq,2002,40,2002-10-01,21,35.06,28.59,10.14,22.43,12.91,15.61,10.14,293.814286,299.654286,74.25,15.634286,3.442857,308.114286,294.357143,301.235714,13.757143,0.272114,0.274171,0.179367,0.314243
iq,2002,41,2002-10-08,16,33.95,28.17,10.03,22.32,11.68,7.45,10.03,295.661429,298.717143,85.137143,17.211429,4.914286,306.814286,294.285714,300.55,12.528571,0.37815,0.245933,0.385783,0.231429
iq,2002,42,2002-10-15,31,34.1,27.98,3.14,22.43,11.52,3.75,3.14,295.585714,298.297143,86.998571,17.185714,5.814286,305.042857,294.385714,299.714286,10.657143,0.199271,0.227714,0.159243,0.258129
iq,2002,43,2002-10-22,25,33.2,27.93,6.99,22.67,10.91,21.99,6.99,294.961429,297.331429,87.717143,16.49,5.057143,302.4,293.9,298.15,8.5,0.227871,0.222943,0.214457,0.299771
iq,2002,44,2002-10-29,28,33.3,28.1,12.82,22.68,8.7,5.0,12.82,296.9,298.518571,91.944286,18.602857,5.671429,304.757143,295.728571,300.242857,9.028571,0.329086,0.315929,0.286214,0.294057
iq,2002,45,2002-11-05,26,32.74,28.3,13.64,22.71,11.0,9.2,13.64,296.637143,297.537143,95.285714,18.267143,17.742857,301.914286,295.4,298.657143,6.514286,0.307143,0.364286,0.27695,0.287929
iq,2002,46,2002-11-12,18,32.6,28.0,13.05,22.27,10.87,34.29,13.05,296.322857,297.165714,96.047143,17.907143,13.047143,300.757143,295.285714,298.021429,5.471429,0.236833,0.162029,0.202157,0.209514
iq,2002,47,2002-11-19,27,32.03,27.54,8.81,22.97,8.99,7.3,8.81,296.781429,297.375714,96.84,18.415714,12.257143,302.528571,295.128571,298.828571,7.4,0.250614,0.298267,0.279133,0.215633
iq,2002,48,2002-11-26,11,33.3,28.16,8.59,23.1,10.27,2.21,8.59,297.072857,298.35,93.395714,18.784286,8.131429,305.085714,294.7,299.892857,10.385714,0.310929,0.256329,0.285229,0.290729
iq,2002,49,2002-12-03,38,33.46,28.6,7.1,23.46,9.61,7.26,7.1,296.485714,298.324286,90.662857,18.105714,7.028571,303.657143,295.657143,299.657143,8.0,0.3008,0.348329,0.2528,0.344957
iq,2002,50,2002-12-10,29,32.31,28.11,5.0,23.27,9.74,7.44,5.0,296.39,297.884286,92.614286,18.004286,4.412857,302.914286,294.985714,298.95,7.928571,0.268029,0.185071,0.142429,0.288671
iq,2002,51,2002-12-17,21,32.03,27.64,3.68,23.27,8.73,12.57,3.68,296.627143,297.818571,93.845714,18.261429,3.471429,302.485714,295.628571,299.057143,6.857143,0.254229,0.209029,0.183914,0.270714
iq,2002,52,2002-12-24,11,33.2,27.94,21.68,22.81,10.53,11.29,21.68,296.63,297.872857,93.408571,18.235714,7.814286,303.171429,295.171429,299.171429,8.0,0.1194,0.189586,0.1364,0.171829
iq,2003,1,2003-01-01,10,33.43,28.0,6.7,23.93,9.97,13.31,6.7,295.871429,299.375714,84.06,17.452857,4.042857,306.871429,294.771429,300.821429,12.1,0.323414,0.318429,0.300414,0.329186
iq,2003,2,2003-01-08,5,34.14,29.01,1.68,23.19,10.33,7.74,1.68,295.944286,297.684286,91.56,17.497143,4.8,303.385714,294.957143,299.171429,8.428571,0.4884,0.4697,0.402443,0.414929
iq,2003,3,2003-01-15,6,33.23,28.49,8.64,22.93,10.11,21.63,8.64,295.901429,296.92,94.374286,17.43,3.985714,302.485714,294.742857,298.614286,7.742857,0.303,0.301286,0.169467,0.291543
iq,2003,4,2003-01-22,2,34.07,28.43,12.01,23.6,10.8,8.71,12.01,295.001429,298.125714,84.46,16.514286,1.257143,304.7,294.428571,299.564286,10.271429,0.224957,0.2895,0.260271,0.206929
iq,2003,5,2003-01-29,1,34.66,28.6,5.01,22.93,12.0,1.13,5.01,294.012857,299.487143,74.884286,15.592857,0.894286,306.128571,294.357143,300.242857,11.771429,0.166029,0.183443,0.140629,0.191386
iq,2003,6,2003-02-05,2,30.49,27.17,8.05,22.9,8.21,6.27,8.05,296.218571,297.218571,94.552857,17.852857,24.371429,302.128571,294.671429,298.4,7.457143,0.19145,0.156714,0.086429,0.1368
iq,2003,7,2003-02-12,2,31.23,26.86,10.09,22.96,8.51,7.99,10.09,295.52,296.585714,94.354286,17.015714,5.528571,300.685714,294.657143,297.671429,6.028571,0.313714,0.286471,0.228414,0.252114
iq,2003,8,2003-02-19,3,32.27,26.0,3.58,23.41,7.2,17.41,3.58,296.392857,298.567143,89.974286,18.02,5.871429,305.542857,294.657143,300.1,10.885714,0.126257,0.133714,0.135514,0.103657
iq,2003,9,2003-02-26,5,33.6,29.4,18.89,23.35,11.2,0.0,18.89,296.41,299.35,86.012857,18.044286,7.657143,305.071429,295.957143,300.514286,9.114286,0.2976,0.207283,0.236633,0.22915
iq,2003,10,2003-03-05,1,32.54,28.14,9.1,23.11,9.4,0.86,9.1,295.942857,297.508571,92.468571,17.5,19.208571,302.842857,294.942857,298.892857,7.9,0.169529,0.185143,0.138957,0.234057
iq,2003,11,2003-03-12,4,31.33,27.26,6.85,22.74,8.19,14.06,6.85,295.941429,296.68,96.171429,17.515714,26.685714,300.757143,294.514286,297.635714,6.242857,0.2,0.163629,0.190286,0.158943
iq,2003,12,2003-03-19,2,32.89,27.66,15.58,23.29,9.47,9.13,15.58,296.632857,297.892857,93.628571,18.252857,51.718571,303.342857,295.0,299.171429,8.342857,0.214214,0.2485,0.225157,0.219171
iq,2003,13,2003-03-26,4,36.36,29.39,13.37,22.61,13.06,10.46,13.37,296.818571,298.644286,91.594286,18.484286,6.357143,305.128571,295.657143,300.392857,9.471429,0.147529,0.205914,0.269457,0.126857
iq,2003,14,2003-04-02,0,33.04,28.09,12.77,23.14,9.93,13.97,12.77,296.642857,298.077143,93.014286,18.278571,6.388571,304.314286,294.971429,299.642857,9.342857,0.2482,0.288686,0.262771,0.2065
iq,2003,15,2003-04-09,0,32.56,28.11,11.23,23.56,9.27,8.57,11.23,297.358571,298.082857,96.27,19.078571,12.318571,302.485714,295.457143,298.971429,7.028571,0.205243,0.208786,0.1842,0.193129
iq,2003,16,2003-04-16,0,30.97,27.2,7.31,23.09,7.54,7.69,7.31,295.99,296.747143,95.992857,17.534286,6.264286,299.9,295.142857,297.521429,4.757143,0.266829,0.262143,0.218229,0.199871
iq,2003,17,2003-04-23,0,32.53,27.79,11.05,22.77,9.17,10.86,11.05,296.501429,297.992857,92.547143,18.155714,8.085714,303.671429,295.285714,299.478571,8.385714,0.323443,0.2931,0.253171,0.285229
iq,2003,18,2003-04-30,1,31.61,27.19,9.35,23.3,8.31,15.97,9.35,296.16,296.691429,97.277143,17.688571,35.371429,300.128571,295.042857,297.585714,5.085714,0.435057,0.334843,0.376914,0.263614
iq,2003,19,2003-05-07,1,33.04,28.34,19.72,23.6,9.39,23.71,19.72,295.704286,296.454286,96.14,17.222857,8.5,301.542857,294.385714,297.964286,7.157143,0.199429,0.1477,0.1501,0.183467
iq,2003,20,2003-05-14,1,30.56,27.34,12.02,22.26,9.1,20.33,12.02,294.567143,294.922857,98.132857,16.085714,13.614286,297.628571,292.857143,295.242857,4.771429,0.245429,0.268886,0.1847,0.261457
iq,2003,21,2003-05-21,1,32.1,27.61,3.39,23.16,8.94,20.97,3.39,295.035714,295.878571,95.854286,16.515714,4.937143,300.214286,293.457143,296.835714,6.757143,0.189257,0.170743,0.16695,0.1843
iq,2003,22,2003-05-28,1,32.43,27.59,23.79,23.07,8.81,29.86,23.79,296.08,297.648571,92.461429,17.618571,16.257143,303.628571,294.314286,298.971429,9.314286,0.241143,0.254457,0.1987,0.253729
iq,2003,23,2003-06-04,2,31.26,27.19,10.04,23.0,8.31,7.0,10.04,296.127143,296.591429,97.617143,17.651429,5.814286,300.514286,295.0,297.757143,5.514286,0.236957,0.2074,0.121314,0.192314
iq,2003,24,2003-06-11,3,32.31,27.6,14.1,22.56,9.69,19.43,14.1,296.117143,296.837143,96.222857,17.668571,8.828571,301.342857,294.271429,297.807143,7.071429,0.313586,0.280914,0.353983,0.265857
iq,2003,25,2003-06-18,4,32.77,27.49,6.74,22.23,10.54,9.76,6.74,293.978571,296.008571,90.048571,15.477143,0.794286,301.214286,292.3,296.757143,8.914286,0.3237,0.272314,0.2755,0.354757
iq,2003,26,2003-06-25,6,31.51,26.81,12.7,22.17,9.24,5.96,12.7,294.542857,295.387143,95.575714,15.985714,5.442857,299.628571,293.085714,296.357143,6.542857,0.188257,0.1928,0.232267,0.173771
iq,2003,27,2003-07-02,2,30.37,26.14,8.73,22.31,7.57,11.33,8.73,294.037143,295.128571,94.127143,15.511429,6.071429,299.242857,292.742857,295.992857,6.5,0.261814,0.258429,0.171586,0.309943
iq,2003,28,2003-07-09,2,32.39,27.07,7.65,21.83,10.51,1.77,7.65,294.154286,296.942857,86.655714,15.618571,1.935714,303.357143,293.257143,298.307143,10.1,0.180271,0.1611,0.162971,0.154129
iq,2003,29,2003-07-16,5,29.63,28.11,9.31,21.29,10.61,1.84,9.31,293.642857,296.79,85.611429,15.297143,3.865714,304.171429,292.171429,298.171429,12.0,0.193571,0.231471,0.16885,0.159086
iq,2003,30,2003-07-23,1,31.89,26.67,0.38,21.27,10.5,1.56,0.38,291.85,296.485714,77.804286,13.558571,0.912857,303.757143,292.328571,298.042857,11.428571,0.285814,0.277457,0.163071,0.288029
iq,2003,31,2003-07-30,1,32.2,27.29,3.52,21.94,9.77,19.01,3.52,293.184286,296.822857,82.27,14.685714,1.714286,303.514286,293.2,298.357143,10.314286,0.207786,0.218814,0.156214,0.174329
iq,2003,32,2003-08-06,0,32.66,27.53,12.75,22.07,10.81,11.13,12.75,293.045714,297.658571,77.861429,14.584286,0.928571,304.871429,292.228571,298.55,12.642857,0.244371,0.2323,0.174643,0.217414
iq,2003,33,2003-08-13,0,32.1,27.34,7.5,22.07,9.53,7.59,7.5,294.118571,297.338571,83.927143,15.588571,3.0,303.6,292.942857,298.271429,10.657143,0.247114,0.2638,0.171114,0.233743
iq,2003,34,2003-08-20,0,32.67,27.63,6.48,21.51,11.23,9.33,6.48,293.511429,297.365714,81.942857,15.01,5.014286,303.885714,293.828571,298.857143,10.057143,0.425243,0.385529,0.362483,0.356614
iq,2003,35,2003-08-27,0,33.3,27.84,4.22,21.8,11.44,7.07,4.22,294.932857,297.875714,85.725714,16.445714,2.575714,305.114286,294.228571,299.671429,10.885714,0.249586,0.265214,0.2122,0.250814
iq,2003,36,2003-09-03,2,32.47,26.29,1.26,19.7,12.36,0.0,1.26,290.97,297.381429,70.928571,12.947143,4.785714,304.828571,292.057143,298.442857,12.771429,0.3417,0.265986,0.286314,0.210186
iq,2003,37,2003-09-10,0,34.06,27.99,5.2,21.73,11.84,17.31,5.2,293.927143,298.831429,76.532857,15.447143,0.857143,306.528571,293.857143,300.192857,12.671429,0.223229,0.270186,0.202871,0.195257
iq,2003,38,2003-09-17,3,30.27,28.04,7.96,20.61,10.99,3.46,7.96,293.684286,296.948571,85.03,15.311429,16.457143,303.085714,292.328571,297.707143,10.757143,0.364486,0.385157,0.260986,0.316457
iq,2003,39,2003-09-24,0,33.02,27.9,14.36,22.58,10.23,4.53,14.36,295.737143,298.144286,88.117143,17.262857,7.622857,304.028571,294.557143,299.292857,9.471429,0.401186,0.392043,0.354517,0.327671
iq,2003,40,2003-10-01,0,34.61,28.53,10.66,22.47,12.14,15.09,10.66,295.828571,299.357143,83.682857,17.451429,36.185714,306.5,294.9,300.7,11.6,0.2535,0.232171,0.237114,0.229029
iq,2003,41,2003-10-08,0,32.44,27.2,5.47,22.54,9.39,9.59,5.47,296.312857,297.915714,92.165714,17.914286,6.071429,305.485714,294.285714,299.885714,11.2,0.176029,0.234929,0.196383,0.225757
iq,2003,42,2003-10-15,2,32.93,28.13,6.31,23.09,10.29,5.73,6.31,296.201429,298.162857,90.342857,17.797143,4.942857,303.614286,295.085714,299.35,8.528571,0.275829,0.287114,0.228843,0.2752
iq,2003,43,2003-10-22,2,33.16,27.9,5.65,22.36,10.13,5.56,5.65,296.224286,298.957143,87.37,17.895714,5.885714,305.657143,295.7,300.678571,9.957143,0.475014,0.432443,0.3795,0.424943
iq,2003,44,2003-10-29,3,34.24,28.7,4.64,22.9,11.23,6.5,4.64,295.295714,300.041429,77.784286,16.872857,0.871429,306.885714,294.8,300.842857,12.085714,0.134514,0.121271,0.131471,0.115357
iq,2003,45,2003-11-05,3,31.69,27.61,15.02,22.43,9.49,20.03,15.02,295.74,298.135714,88.48,17.39,12.185714,304.671429,295.242857,299.957143,9.428571,0.394657,0.419043,0.326957,0.391214
iq,2003,46,2003-11-12,3,33.1,28.03,4.44,22.27,10.4,17.64,4.44,295.645714,298.367143,86.755714,17.292857,5.2,305.485714,294.857143,300.171429,10.628571,0.317686,0.324471,0.3246,0.2498
iq,2003,47,2003-11-19,1,33.57,27.97,17.66,22.7,10.69,34.2,17.66,296.725714,298.681429,90.882857,18.378571,5.828571,304.628571,295.585714,300.107143,9.042857,0.263643,0.301257,0.281657,0.246667
iq,2003,48,2003-11-26,2,33.67,28.54,11.61,22.89,10.24,3.74,11.61,296.53,299.222857,86.995714,18.27,7.342857,304.142857,295.071429,299.607143,9.071429,0.2749,0.295329,0.2452,0.309457
iq,2003,49,2003-12-03,3,33.6,28.86,10.32,23.07,10.61,20.14,10.32,296.135714,298.315714,89.207143,17.745714,11.118571,304.585714,294.885714,299.735714,9.7,0.400343,0.369643,0.318057,0.328771
iq,2003,50,2003-12-10,6,33.77,28.0,15.52,22.76,10.56,6.41,15.52,297.338571,298.685714,93.231429,19.107143,25.555714,304.385714,296.114286,300.25,8.271429,0.358629,0.3588,0.24435,0.3519
iq,2003,51,2003-12-17,5,33.03,28.69,9.28,22.7,10.54,17.2,9.28,296.851429,298.168571,93.917143,18.532857,9.291429,303.714286,295.371429,299.542857,8.342857,0.192667,0.136314,0.2244,0.136114
iq,2003,52,2003-12-24,1,30.94,27.31,7.06,22.53,9.53,18.8,7.06,295.682857,296.297143,96.937143,17.172857,11.811429,299.142857,294.957143,297.05,4.185714,0.285078,0.264778,0.230656,0.267644
iq,2004,1,2004-01-01,4,30.94,27.31,7.06,22.53,9.53,18.8,7.06,295.682857,296.297143,96.937143,17.172857,11.811429,299.142857,294.957143,297.05,4.185714,0.202571,0.187957,0.198967,0.244557
iq,2004,2,2004-01-08,5,31.31,27.11,11.22,23.11,8.4,21.99,11.22,296.637143,297.437143,95.794286,18.255714,7.9,301.842857,295.642857,298.742857,6.2,0.24942,0.259014,0.30885,0.208629
iq,2004,3,2004-01-15,8,33.27,28.56,9.07,23.54,9.66,7.3,9.07,297.02,297.752857,96.128571,18.712857,8.928571,302.371429,295.542857,298.957143,6.828571,0.32786,0.34024,0.29844,0.30672
iq,2004,4,2004-01-22,5,34.47,28.84,4.18,23.03,11.17,2.87,4.18,295.89,299.62,82.467143,17.491429,2.771429,306.442857,295.214286,300.828571,11.228571,0.320586,0.344114,0.336529,0.2566
iq,2004,5,2004-01-29,2,35.07,28.86,0.66,22.76,12.24,0.0,0.66,292.832857,300.9,65.284286,14.548571,0.228571,308.971429,295.328571,302.15,13.642857,0.233014,0.205543,0.235186,0.196486
iq,2004,6,2004-02-05,3,35.49,29.17,1.89,22.89,12.66,3.44,1.89,293.988571,299.902857,72.927143,15.567143,1.285714,308.414286,294.328571,301.371429,14.085714,0.123543,0.1172,0.0993,0.112857
iq,2004,7,2004-02-12,3,31.9,27.59,3.55,23.06,9.56,1.91,3.55,295.64,298.27,86.765714,17.174286,4.78,303.8,295.3,299.55,8.5,0.278743,0.304829,0.298757,0.312714
iq,2004,8,2004-02-19,1,32.33,26.14,5.58,22.51,6.99,2.93,5.58,295.642857,298.081429,87.718571,17.208571,4.928571,304.614286,294.885714,299.75,9.728571,0.236629,0.222514,0.167043,0.197029
iq,2004,9,2004-02-26,6,32.64,27.31,17.86,22.0,9.97,1.43,17.86,296.348571,297.882857,93.012857,17.95,11.895714,303.342857,295.528571,299.435714,7.814286,0.319057,0.300029,0.335233,0.217629
iq,2004,10,2004-03-04,4,33.8,28.06,7.44,22.41,11.06,13.86,7.44,296.455714,297.981429,92.561429,18.094286,7.051429,303.971429,294.885714,299.428571,9.085714,0.209471,0.193571,0.208657,0.1715
iq,2004,11,2004-03-11,1,32.4,28.0,11.48,22.7,11.0,3.35,11.48,296.068571,296.777143,96.288571,17.61,10.964286,300.142857,294.9,297.521429,5.242857,0.307683,0.311043,0.214017,0.33865
iq,2004,12,2004-03-18,2,32.56,28.17,19.69,23.14,10.14,24.74,19.69,296.621429,297.887143,93.628571,18.248571,10.737143,304.428571,294.642857,299.535714,9.785714,0.385986,0.346529,0.424783,0.351414
iq,2004,13,2004-03-25,3,33.1,28.7,17.16,23.94,9.41,31.44,17.16,296.607143,297.312857,96.238571,18.237143,10.885714,301.057143,295.342857,298.2,5.714286,0.306283,0.29015,0.19872,0.02988
iq,2004,14,2004-04-01,1,32.7,27.99,14.46,23.29,8.94,0.29,14.46,296.815714,297.202857,97.941429,18.47,12.7,300.871429,295.657143,298.264286,5.214286,0.136,0.129433,0.138,0.186233
iq,2004,15,2004-04-08,8,32.76,27.81,6.75,23.03,9.89,0.57,6.75,297.175714,297.812857,96.498571,18.825714,19.342857,302.114286,295.842857,298.978571,6.271429,0.359214,0.361271,0.334843,0.279157
iq,2004,16,2004-04-15,4,32.7,28.29,8.83,22.91,9.51,5.34,8.83,296.637143,298.217143,92.32,18.308571,7.841429,304.142857,295.157143,299.65,8.985714,0.244186,0.188229,0.195829,0.1747
iq,2004,17,2004-04-22,6,33.0,27.83,16.23,22.73,10.26,8.89,16.23,296.771429,297.78,94.788571,18.408571,12.9,301.514286,295.514286,298.514286,6.0,0.374286,0.254943,0.3308,0.234033
iq,2004,18,2004-04-29,7,31.9,27.36,9.4,22.9,8.94,17.91,9.4,296.708571,297.127143,97.808571,18.34,19.024286,300.342857,295.314286,297.828571,5.028571,0.27884,0.326629,0.163767,0.191183
iq,2004,19,2004-05-06,5,32.54,27.51,11.99,22.43,10.43,13.9,11.99,296.835714,297.798571,95.115714,18.511429,8.074286,303.485714,294.771429,299.128571,8.714286,0.157567,0.122533,0.121543,0.190414
iq,2004,20,2004-05-13,8,29.04,26.96,5.8,21.59,8.01,13.07,5.8,295.27,296.414286,93.897143,16.778571,6.5,300.1,294.328571,297.214286,5.771429,0.171667,0.1769,0.152233,0.159833
iq,2004,21,2004-05-20,6,30.2,26.3,24.78,22.49,6.93,42.41,24.78,295.82,297.602857,91.627143,17.401429,11.857143,303.728571,294.628571,299.178571,9.1,0.225467,0.248317,0.18515,0.1942
iq,2004,22,2004-05-27,5,29.25,24.5,5.06,22.13,3.9,4.7,5.06,295.958571,297.305714,93.575714,17.5,6.085714,303.142857,293.514286,298.328571,9.628571,0.190314,0.102329,0.077843,0.193171
iq,2004,23,2004-06-03,6,31.07,27.5,12.66,21.47,9.5,33.83,12.66,295.697143,296.767143,94.692857,17.212857,5.232857,301.914286,293.728571,297.821429,8.185714,0.1073,0.110614,0.117067,0.196786
iq,2004,24,2004-06-10,6,30.8,26.69,12.18,22.24,8.34,12.56,12.18,294.99,295.574286,96.875714,16.42,7.412857,298.771429,293.728571,296.25,5.042857,0.237843,0.211971,0.235083,0.166957
iq,2004,25,2004-06-17,13,30.11,26.24,15.75,21.36,8.4,6.6,15.75,294.705714,296.204286,92.371429,16.138571,3.5,301.214286,293.428571,297.321429,7.785714,0.332957,0.325514,0.191,0.234043
iq,2004,26,2004-06-24,2,29.43,24.91,4.71,20.37,9.0,16.94,4.71,293.86,295.634286,90.447143,15.312857,3.7,301.014286,292.614286,296.814286,8.4,0.239233,0.197043,0.153543,0.132829
iq,2004,27,2004-07-01,10,30.3,25.94,6.63,21.71,8.2,21.0,6.63,295.041429,296.151429,94.668571,16.514286,7.242857,301.814286,293.357143,297.585714,8.457143,0.257214,0.196757,0.324929,0.1978
iq,2004,28,2004-07-08,3,31.36,26.31,11.99,22.03,8.7,11.76,11.99,294.814286,296.617143,90.905714,16.252857,2.667143,302.828571,293.342857,298.085714,9.485714,0.317557,0.335543,0.301386,0.279371
iq,2004,29,2004-07-15,12,31.9,26.76,6.87,21.0,10.9,7.7,6.87,294.358571,297.501429,85.158571,15.86,3.537143,304.542857,293.328571,298.935714,11.214286,0.232829,0.153243,0.273767,0.2338
iq,2004,30,2004-07-22,7,30.86,26.44,7.68,21.4,10.73,11.17,7.68,294.997143,296.812857,90.928571,16.48,3.631429,303.214286,293.014286,298.114286,10.2,0.267943,0.284986,0.2995,0.2177
iq,2004,31,2004-07-29,6,29.19,26.3,12.28,20.54,8.8,8.73,12.28,294.471429,296.017143,92.527143,15.975714,3.945714,301.714286,292.871429,297.292857,8.842857,0.2089,0.254257,0.1555,0.2203
iq,2004,32,2004-08-05,5,30.85,26.3,4.26,20.92,8.8,0.0,4.26,293.144286,297.517143,79.718571,14.694286,0.557143,305.042857,292.885714,298.964286,12.157143,0.2489,0.237557,0.265957,0.218529
iq,2004,33,2004-08-12,6,30.18,26.3,2.63,20.2,8.8,0.1,2.63,292.222857,296.53,79.235714,13.824286,0.585714,303.728571,291.542857,297.635714,12.185714,0.191071,0.2957,0.227,0.168529
iq,2004,34,2004-08-19,6,28.5,26.3,3.4,21.72,8.8,0.12,3.4,293.421429,297.82,78.481429,14.961429,1.128571,307.128571,292.842857,299.985714,14.285714,0.393129,0.388514,0.328643,0.276771
iq,2004,35,2004-08-26,6,32.6,26.5,6.12,21.3,9.05,15.5,6.12,294.567143,298.142857,83.172857,16.077143,3.314286,306.071429,293.542857,299.807143,12.528571,0.3113,0.299786,0.260929,0.233014
iq,2004,36,2004-09-02,8,32.0,27.1,21.05,21.57,9.8,22.18,21.05,294.988571,297.771429,86.54,16.484286,5.984286,304.942857,293.814286,299.378571,11.128571,0.334357,0.284586,0.372029,0.342014
iq,2004,37,2004-09-09,6,32.28,27.27,6.65,22.28,9.45,3.95,6.65,296.115714,298.457143,88.742857,17.67,5.1,305.657143,295.371429,300.514286,10.285714,0.130267,0.117486,0.15128,0.110814
iq,2004,38,2004-09-16,9,31.74,26.56,5.23,21.27,8.93,12.4,5.23,295.88,297.721429,91.2,17.44,8.5,303.528571,294.6,299.064286,8.928571,0.268071,0.32515,0.210229,0.227343
iq,2004,39,2004-09-23,12,33.73,27.56,6.95,21.11,11.93,3.01,6.95,294.382857,298.628571,79.557143,15.901429,0.985714,306.571429,293.371429,299.971429,13.2,0.391533,0.332529,0.320729,0.159586
iq,2004,40,2004-09-30,19,33.7,28.43,12.24,22.07,12.91,5.59,12.24,296.115714,299.17,84.807143,17.711429,10.002857,306.742857,295.085714,300.914286,11.657143,0.275457,0.328386,0.2193,0.261257
iq,2004,41,2004-10-07,8,32.49,26.93,7.47,21.26,11.09,20.71,7.47,295.314286,297.568571,88.825714,16.824286,5.7,303.157143,294.328571,298.742857,8.828571,0.261471,0.257743,0.186243,0.305729
iq,2004,42,2004-10-14,16,32.49,27.87,9.32,22.26,11.46,2.36,9.32,296.867143,298.057143,94.16,18.547143,7.371429,303.442857,295.085714,299.264286,8.357143,0.352329,0.355343,0.284171,0.376414
iq,2004,43,2004-10-21,21,33.81,27.61,5.09,23.19,8.93,0.73,5.09,296.295714,299.428571,85.065714,17.901429,3.3,307.5,294.342857,300.921429,13.157143,0.253843,0.223557,0.199667,0.303686
iq,2004,44,2004-10-28,6,33.86,27.44,10.57,22.7,9.19,12.11,10.57,295.907143,298.441429,87.87,17.537143,6.928571,306.1,293.785714,299.942857,12.314286,0.295329,0.319771,0.231229,0.2604
iq,2004,45,2004-11-04,22,34.19,28.37,13.09,22.29,12.43,15.5,13.09,296.178571,299.504286,84.827143,17.805714,9.571429,306.114286,295.457143,300.785714,10.657143,0.414886,0.365671,0.324557,0.272743
iq,2004,46,2004-11-11,37,32.7,27.91,10.67,23.07,10.97,25.3,10.67,296.484286,297.168571,96.354286,18.121429,7.7,300.671429,294.742857,297.707143,5.928571,0.346686,0.3742,0.315414,0.270857
iq,2004,47,2004-11-18,33,33.31,27.46,10.58,22.83,9.67,15.34,10.58,296.097143,299.418571,84.611429,17.738571,3.828571,307.057143,295.414286,301.235714,11.642857,0.227871,0.209557,0.1945,0.190914
iq,2004,48,2004-11-25,18,33.05,28.07,10.28,22.8,10.5,12.83,10.28,297.02,297.958571,95.251429,18.714286,8.114286,303.157143,295.242857,299.2,7.914286,0.215317,0.219129,0.167286,0.202629
iq,2004,49,2004-12-02,83,33.66,27.94,7.57,22.46,10.94,12.8,7.57,296.44,299.177143,87.13,18.11,5.261429,305.857143,294.9,300.378571,10.957143,0.201943,0.241086,0.159367,0.159043
iq,2004,50,2004-12-09,116,34.1,27.9,10.01,22.5,11.0,4.95,10.01,296.574286,297.787143,93.938571,18.207143,13.0,302.085714,295.585714,298.835714,6.5,0.323429,0.3359,0.309514,0.275829
iq,2004,51,2004-12-16,32,33.36,28.33,7.08,23.44,9.84,24.6,7.08,296.385714,298.701429,88.78,18.04,5.428571,305.142857,294.928571,300.035714,10.214286,0.261143,0.236357,0.203314,0.243743
iq,2004,52,2004-12-23,7,32.5,27.93,15.69,23.11,8.67,11.69,15.69,297.122857,298.404286,93.252857,18.855714,4.255714,303.771429,295.542857,299.657143,8.228571,0.364862,0.3162,0.3266,0.403112
iq,2005,1,2005-01-01,9,32.84,28.47,10.09,23.37,9.54,10.84,10.09,296.712857,298.162857,93.005714,18.37,8.801429,304.885714,295.128571,300.007143,9.757143,0.314843,0.2704,0.186629,0.3033
iq,2005,2,2005-01-08,10,32.5,27.85,13.39,22.88,9.7,38.52,13.39,296.727143,297.662857,95.53,18.408571,13.744286,302.457143,295.228571,298.842857,7.228571,0.304414,0.315629,0.361257,0.3126
iq,2005,3,2005-01-15,5,34.3,28.77,8.65,23.39,11.09,27.71,8.65,296.58,300.068571,83.3,18.258571,3.814286,307.242857,295.885714,301.564286,11.357143,0.345933,0.337971,0.3118,0.291
iq,2005,4,2005-01-22,8,34.77,29.11,3.67,23.04,12.04,0.07,3.67,296.931429,299.648571,87.312857,18.645714,6.034286,306.1,296.114286,301.107143,9.985714,0.364367,0.280686,0.277914,0.292557
iq,2005,5,2005-01-29,7,33.94,28.67,12.71,23.36,10.56,6.6,12.71,296.907143,299.061429,89.427143,18.635714,6.757143,305.5,296.157143,300.828571,9.342857,0.158229,0.1266,0.16725,0.151814
iq,2005,6,2005-02-05,8,31.6,27.3,7.52,22.6,8.6,3.93,7.52,295.995714,296.752857,95.977143,17.575714,8.114286,300.285714,295.1,297.692857,5.185714,0.215186,0.228357,0.172814,0.2623
iq,2005,7,2005-02-12,11,32.44,27.67,17.91,22.99,9.47,50.17,17.91,297.221429,298.027143,95.748571,18.947143,27.008571,302.657143,295.671429,299.164286,6.985714,0.1995,0.180686,0.202457,0.2189
iq,2005,8,2005-02-19,6,33.41,28.7,6.71,23.13,10.93,12.99,6.71,296.542857,298.295714,91.577143,18.201429,5.657143,303.214286,295.357143,299.285714,7.857143,0.2011,0.2109,0.208143,0.281214
iq,2005,9,2005-02-26,7,32.53,28.05,7.75,23.58,8.95,1.98,7.75,297.045714,298.158571,94.401429,18.731429,6.358571,303.4,295.385714,299.392857,8.014286,0.293717,0.2771,0.269617,0.2308
iq,2005,10,2005-03-05,7,31.98,27.93,22.22,23.8,8.3,1.43,22.22,297.528571,297.957143,97.687143,19.274286,28.771429,301.1,296.271429,298.685714,4.828571,0.155843,0.146429,0.137083,0.241871
iq,2005,11,2005-03-12,14,33.09,28.61,23.22,23.17,9.96,28.46,23.22,295.85,297.314286,92.267143,17.398571,3.1,302.585714,294.771429,298.678571,7.814286,0.251517,0.209957,0.181767,0.154529
iq,2005,12,2005-03-19,7,32.23,27.71,14.2,22.96,9.04,7.96,14.2,296.251429,298.37,89.82,17.82,4.685714,304.5,295.157143,299.828571,9.342857,0.215071,0.235429,0.2127,0.120929
iq,2005,13,2005-03-26,9,31.11,28.29,7.87,22.66,10.94,10.84,7.87,296.088571,297.37,93.801429,17.624286,9.642857,302.4,294.771429,298.585714,7.628571,0.381686,0.366657,0.368314,0.383771
iq,2005,14,2005-04-02,13,33.73,28.17,12.49,22.7,11.03,10.3,12.49,296.235714,297.708571,92.417143,17.892857,9.714286,303.228571,294.771429,299.0,8.457143,0.309114,0.244657,0.217357,0.3001
iq,2005,15,2005-04-09,16,31.96,27.33,5.72,22.86,9.17,0.09,5.72,297.202857,297.701429,97.322857,18.885714,12.885714,301.671429,295.257143,298.464286,6.414286,0.186933,0.182429,0.144757,0.195743
iq,2005,16,2005-04-16,7,33.83,28.84,5.37,23.23,10.03,15.09,5.37,296.961429,297.437143,97.381429,18.597143,25.457143,300.871429,295.514286,298.192857,5.357143,0.208283,0.196267,0.164917,0.277667
iq,2005,17,2005-04-23,9,33.0,28.51,11.26,23.97,8.97,3.93,11.26,297.402857,297.927143,97.162857,19.152857,7.842857,302.185714,295.542857,298.864286,6.642857,0.2141,0.201771,0.231533,0.161686
iq,2005,18,2005-04-30,2,30.39,26.41,4.76,22.23,7.97,0.0,4.76,296.575714,297.33,95.937143,18.181429,9.157143,301.485714,295.385714,298.435714,6.1,0.146533,0.188057,0.134583,0.134314
iq,2005,19,2005-05-07,13,33.44,28.2,7.01,22.36,11.59,8.71,7.01,296.341429,298.684286,88.294286,17.94,7.841429,304.357143,295.085714,299.721429,9.271429,0.248433,0.193067,0.2341,0.202067
iq,2005,20,2005-05-14,8,32.63,28.43,8.03,23.51,11.53,10.4,8.03,296.352857,297.532857,93.918571,17.957143,7.014286,302.114286,294.571429,298.342857,7.542857,0.270086,0.229743,0.173757,0.210457
iq,2005,21,2005-05-21,3,32.91,27.4,6.16,22.31,8.7,4.0,6.16,295.804286,299.005714,84.658571,17.407143,3.014286,306.085714,295.142857,300.614286,10.942857,0.311814,0.247457,0.358543,0.280657
iq,2005,22,2005-05-28,5,33.11,27.43,8.82,21.99,8.83,12.29,8.82,295.678571,298.434286,86.701429,17.2,4.988571,304.485714,294.471429,299.478571,10.014286,0.378286,0.361243,0.369371,0.363186
iq,2005,23,2005-06-04,4,31.3,27.07,5.78,22.6,9.06,2.5,5.78,296.227143,297.304286,94.592857,17.788571,7.285714,302.071429,294.9,298.485714,7.171429,0.139514,0.118543,0.1401,0.14235
iq,2005,24,2005-06-11,8,32.56,27.71,14.98,22.87,9.9,21.09,14.98,295.32,297.377143,89.194286,16.824286,4.144286,302.885714,294.357143,298.621429,8.528571,0.289086,0.265129,0.225643,0.224714
iq,2005,25,2005-06-18,2,32.5,27.33,8.48,22.91,9.27,3.6,8.48,294.644286,297.857143,84.467143,16.168571,1.571429,304.3,293.814286,299.057143,10.485714,0.291557,0.260457,0.246071,0.351857
iq,2005,26,2005-06-25,3,29.67,25.33,3.37,21.63,6.97,11.0,3.37,294.408571,296.82,88.387143,15.877143,3.8,303.857143,293.128571,298.492857,10.728571,0.274714,0.227171,0.178014,0.284314
iq,2005,27,2005-07-02,5,32.91,27.83,6.18,22.67,10.24,5.84,6.18,294.528571,297.865714,84.692857,16.038571,3.415714,304.971429,293.871429,299.421429,11.1,0.2008,0.2214,0.201067,0.162267
iq,2005,28,2005-07-09,7,32.84,27.41,15.67,19.33,10.84,23.87,15.67,292.23,296.988571,77.372857,13.928571,1.242857,303.5,291.685714,297.592857,11.814286,0.386929,0.441343,0.335057,0.329843
iq,2005,29,2005-07-16,3,32.83,26.73,3.9,19.53,12.53,3.3,3.9,292.455714,297.794286,75.697143,14.191429,1.271429,305.685714,292.171429,298.928571,13.514286,0.168029,0.147257,0.134329,0.186557
iq,2005,30,2005-07-23,5,25.54,22.32,6.05,19.8,6.5,9.6,6.05,293.75,296.898571,84.238571,15.26,2.185714,303.057143,292.971429,298.014286,10.085714,0.347486,0.365314,0.2537,0.276957
iq,2005,31,2005-07-30,6,31.82,26.55,0.0,20.52,10.48,0.12,0.0,293.035714,298.221429,75.571429,14.608571,1.234286,305.471429,293.985714,299.728571,11.485714,0.328686,0.274014,0.313257,0.226214
iq,2005,32,2005-08-06,5,33.0,26.86,5.45,21.09,12.29,15.03,5.45,293.64,298.925714,74.855714,15.15,0.284286,306.428571,294.242857,300.335714,12.185714,0.282643,0.239,0.227029,0.282557
iq,2005,33,2005-08-13,5,33.53,27.07,2.55,19.57,12.97,8.8,2.55,291.778571,299.605714,64.658571,13.59,0.857143,307.528571,293.328571,300.428571,14.2,0.266986,0.292486,0.293929,0.336
iq,2005,34,2005-08-20,4,33.44,27.86,9.95,21.11,13.53,14.44,9.95,294.945714,298.428571,83.854286,16.44,2.26,305.085714,294.271429,299.678571,10.814286,0.3288,0.3005,0.271557,0.2723
iq,2005,35,2005-08-27,0,31.63,26.5,1.83,21.57,9.75,6.17,1.83,293.918571,298.184286,79.647143,15.428571,1.571429,304.842857,293.9,299.371429,10.942857,0.456833,0.380117,0.359583,0.35945
iq,2005,36,2005-09-03,0,35.2,28.4,5.28,21.8,13.6,11.0,5.28,294.005714,300.058571,71.971429,15.518571,0.6,308.071429,294.357143,301.214286,13.714286,0.335429,0.309143,0.200714,0.322886
iq,2005,37,2005-09-10,0,34.76,28.4,2.67,21.8,13.6,7.88,2.67,295.658571,298.88,83.73,17.222857,5.042857,304.771429,294.842857,299.807143,9.928571,0.239429,0.2276,0.214871,0.239043
iq,2005,38,2005-09-17,0,31.58,25.56,0.37,19.48,12.18,0.0,0.37,293.555714,298.498571,76.595714,15.06,1.957143,305.657143,293.871429,299.764286,11.785714,0.184567,0.212483,0.195257,0.154386
iq,2005,39,2005-09-24,0,35.27,28.19,4.26,21.69,12.79,8.13,4.26,293.752857,301.175714,67.212857,15.331429,0.6,310.342857,295.514286,302.928571,14.828571,0.405417,0.421086,0.428771,0.3706
iq,2005,40,2005-10-01,2,36.05,28.8,7.81,21.9,14.9,11.13,7.81,293.897143,299.11,74.952857,15.435714,0.657143,306.428571,294.071429,300.25,12.357143,0.332157,0.321043,0.346367,0.258614
iq,2005,41,2005-10-08,4,33.96,28.26,8.57,22.57,11.36,28.06,8.57,294.385714,299.515714,75.508571,15.915714,3.171429,306.7,295.014286,300.857143,11.685714,0.373429,0.352271,0.277483,0.374229
iq,2005,42,2005-10-15,4,33.96,28.77,10.57,22.74,11.16,11.69,10.57,295.768571,299.578571,81.691429,17.417143,5.011429,307.314286,295.071429,301.192857,12.242857,0.307257,0.286957,0.278214,0.354829
iq,2005,43,2005-10-22,3,33.21,28.26,14.29,22.5,10.89,31.2,14.29,295.802857,298.065714,89.142857,17.364286,8.528571,303.485714,294.842857,299.164286,8.642857,0.363557,0.326143,0.300043,0.289829
iq,2005,44,2005-10-29,3,32.96,28.24,8.45,22.71,10.4,13.57,8.45,296.805714,299.458571,87.231429,18.55,7.121429,306.871429,296.085714,301.478571,10.785714,0.187571,0.178957,0.213371,0.171857
iq,2005,45,2005-11-05,5,33.72,28.0,10.77,22.34,10.5,1.78,10.77,296.36,298.6,89.31,17.974286,20.542857,304.928571,295.228571,300.078571,9.7,0.3938,0.410371,0.298629,0.401986
iq,2005,46,2005-11-12,6,33.66,27.6,7.12,22.19,9.54,19.93,7.12,296.895714,298.31,93.177143,18.582857,6.428571,304.371429,295.814286,300.092857,8.557143,0.442429,0.473143,0.348171,0.343071
iq,2005,47,2005-11-19,14,32.9,28.37,10.33,22.83,10.76,9.73,10.33,297.394286,299.412857,90.348571,19.194286,9.075714,305.085714,296.171429,300.628571,8.914286,0.282571,0.240086,0.2206,0.288214
iq,2005,48,2005-11-26,3,33.26,28.24,11.22,22.39,11.61,2.13,11.22,296.612857,299.42,86.408571,18.304286,4.992857,305.314286,295.585714,300.45,9.728571,0.317814,0.417129,0.3027,0.336943
iq,2005,49,2005-12-03,7,33.87,28.09,8.64,22.09,12.59,7.73,8.64,296.657143,299.217143,87.721429,18.364286,10.257143,305.257143,296.157143,300.707143,9.1,0.358586,0.299271,0.219486,0.257914
iq,2005,50,2005-12-10,11,33.65,28.15,6.7,22.6,11.23,1.68,6.7,297.187143,298.574286,92.957143,18.945714,6.7,304.357143,296.157143,300.257143,8.2,0.198443,0.247,0.1941,0.193014
iq,2005,51,2005-12-17,2,32.83,28.36,21.57,23.01,9.89,11.0,21.57,297.191429,298.021429,95.674286,18.915714,16.194286,302.614286,296.128571,299.371429,6.485714,0.180575,0.138371,0.141333,0.255283
iq,2005,52,2005-12-24,6,32.1,27.47,8.03,22.33,9.49,34.69,8.03,295.672857,296.575714,95.631429,17.201429,24.028571,300.214286,294.185714,297.2,6.028571,0.511956,0.522867,0.368778,0.392
iq,2006,1,2006-01-08,25,33.87,27.49,5.54,21.27,9.93,2.43,5.54,292.878571,298.832857,73.161429,14.524286,2.171429,305.8,293.485714,299.642857,12.314286,0.199514,0.2155,0.239343,0.227657
iq,2006,2,2006-01-15,21,32.83,27.61,19.78,22.51,10.4,9.71,19.78,296.371429,298.728571,88.335714,18.165714,6.8,305.242857,295.357143,300.3,9.885714,0.2284,0.23035,0.202071,0.19475
iq,2006,3,2006-01-22,10,32.83,27.26,12.69,21.71,10.66,27.13,12.69,296.321429,298.46,89.955714,17.941429,7.457143,304.685714,295.542857,300.114286,9.142857,0.1743,0.194429,0.133643,0.111757
iq,2006,4,2006-01-29,28,32.54,27.09,7.05,22.46,8.77,20.29,7.05,295.777143,297.188571,93.114286,17.364286,7.457143,301.4,295.185714,298.292857,6.214286,0.151767,0.160783,0.1377,0.1478
iq,2006,5,2006-02-05,39,32.89,27.0,4.88,22.43,8.7,13.39,4.88,296.647143,297.165714,97.32,18.264286,9.14,300.985714,295.457143,298.221429,5.528571,0.379114,0.371571,0.305329,0.345971
iq,2006,6,2006-02-12,20,31.4,27.86,10.27,23.63,8.79,12.89,10.27,296.808571,297.64,95.827143,18.442857,9.571429,301.271429,295.485714,298.378571,5.785714,0.256814,0.258314,0.13605,0.197829
iq,2006,7,2006-02-19,24,32.8,28.7,6.34,24.12,9.23,0.0,6.34,295.364286,297.064286,91.098571,16.927143,4.714286,301.785714,294.5,298.142857,7.285714,0.3827,0.2856,0.2506,0.243657
iq,2006,8,2006-02-26,28,33.29,28.26,3.35,23.01,10.74,1.46,3.35,295.961429,298.938571,86.031429,17.605714,10.314286,306.171429,295.385714,300.778571,10.785714,0.262114,0.144786,0.1248,0.215357
iq,2006,9,2006-03-05,26,32.26,27.66,11.3,22.94,9.53,3.99,11.3,296.764286,298.252857,92.605714,18.401429,7.197143,303.885714,295.857143,299.871429,8.028571,0.178667,0.128283,0.195933,0.141267
iq,2006,10,2006-03-12,8,32.78,27.8,13.57,23.07,8.83,13.68,13.57,297.207143,297.925714,96.36,18.902857,18.657143,302.314286,295.9,299.107143,6.414286,0.424629,0.315857,0.4113,0.373186
iq,2006,11,2006-03-19,9,32.8,27.99,17.38,23.16,9.63,2.43,17.38,296.581429,297.931429,93.347143,18.2,8.404286,302.514286,295.5,299.007143,7.014286,0.192429,0.171271,0.115886,0.194057
iq,2006,12,2006-03-26,12,32.87,27.91,17.23,23.2,9.34,13.86,17.23,296.295714,297.494286,93.787143,17.911429,10.0,302.457143,295.114286,298.785714,7.342857,0.288567,0.223643,0.17954,0.297271
iq,2006,13,2006-04-02,18,32.41,28.21,17.35,22.97,9.63,8.14,17.35,297.067143,298.04,95.024286,18.734286,12.687143,302.714286,295.757143,299.235714,6.957143,0.24505,0.181667,0.18885,0.223533
iq,2006,14,2006-04-09,9,33.14,28.13,5.95,22.87,10.26,24.86,5.95,296.047143,297.774286,91.811429,17.61,12.557143,304.228571,294.657143,299.442857,9.571429,0.241671,0.283314,0.2054,0.156014
iq,2006,15,2006-04-16,9,33.44,28.26,10.76,22.97,10.3,7.0,10.76,296.965714,297.825714,95.51,18.714286,9.494286,302.528571,295.1,298.814286,7.428571,0.301129,0.262686,0.265057,0.255314
iq,2006,16,2006-04-23,6,31.64,27.69,9.94,23.06,9.24,1.7,9.94,296.457143,298.061429,92.111429,18.082857,7.837143,302.9,295.457143,299.178571,7.442857,0.3309,0.284943,0.265471,0.319557
iq,2006,17,2006-04-30,6,30.36,26.86,10.7,21.73,7.47,15.41,10.7,295.051429,296.85,90.864286,16.558571,5.657143,301.585714,293.828571,297.707143,7.757143,0.205571,0.139371,0.23605,0.191914
iq,2006,18,2006-05-07,8,31.36,27.4,9.3,23.07,8.59,11.86,9.3,296.384286,297.63,93.635714,17.962857,5.548571,303.228571,294.814286,299.021429,8.414286,0.1516,0.113729,0.0846,0.176314
iq,2006,19,2006-05-14,5,29.21,24.3,18.18,22.33,5.2,33.0,18.18,295.452857,296.184286,96.098571,16.977143,10.0,300.871429,294.242857,297.557143,6.628571,0.286657,0.287457,0.187157,0.266514
iq,2006,20,2006-05-21,7,30.38,24.48,0.22,21.56,6.5,0.0,0.22,290.088571,296.054286,72.034286,12.111429,0.014286,303.1,290.728571,296.914286,12.371429,0.339286,0.374571,0.348286,0.315829
iq,2006,21,2006-05-28,6,32.72,27.38,13.06,22.32,10.55,30.68,13.06,293.777143,297.992857,80.385714,15.46,1.781429,304.557143,293.671429,299.114286,10.885714,0.206514,0.170071,0.117143,0.169271
iq,2006,22,2006-06-04,5,28.51,24.97,11.35,20.84,7.46,7.01,11.35,294.557143,295.987143,92.505714,16.025714,6.378571,300.614286,293.728571,297.171429,6.885714,0.098371,0.09775,0.101067,0.186314
iq,2006,23,2006-06-11,3,31.01,26.2,18.67,21.99,8.6,17.03,18.67,295.695714,297.044286,93.475714,17.195714,5.371429,303.014286,294.114286,298.564286,8.9,0.340443,0.258614,0.190857,0.351343
iq,2006,24,2006-06-18,1,32.53,26.93,12.14,21.96,9.96,12.37,12.14,294.75,297.427143,87.214286,16.258571,3.071429,303.171429,293.1,298.135714,10.071429,0.173271,0.168043,0.185,0.136929
iq,2006,25,2006-06-25,0,31.41,26.66,10.24,21.47,10.31,7.69,10.24,294.275714,296.724286,88.471429,15.801429,3.898571,303.371429,292.585714,297.978571,10.785714,0.22138,0.22146,0.22336,0.371417
iq,2006,26,2006-07-02,1,32.23,26.77,2.46,21.06,9.66,12.41,2.46,293.517143,296.851429,83.467143,15.02,1.308571,302.985714,292.242857,297.614286,10.742857,0.311857,0.304629,0.203933,0.336029
iq,2006,27,2006-07-09,2,31.54,26.87,2.96,21.67,10.07,6.51,2.96,294.592857,296.448571,90.432857,16.005714,1.945714,301.9,293.928571,297.914286,7.971429,0.320171,0.232686,0.2081,0.292114
iq,2006,28,2006-07-16,3,31.37,26.3,0.17,21.36,10.13,0.07,0.17,292.832857,297.621429,77.271429,14.417143,0.257143,304.571429,293.142857,298.857143,11.428571,0.349986,0.294917,0.292043,0.288457
iq,2006,29,2006-07-23,2,33.03,27.07,7.82,20.53,11.83,7.83,7.82,294.258571,297.397143,85.14,15.788571,5.714286,304.585714,293.585714,299.085714,11.0,0.360286,0.321129,0.341,0.362957
iq,2006,30,2006-07-30,2,31.7,26.8,4.09,21.94,10.2,1.91,4.09,293.26,297.504286,79.742857,14.88,2.2,304.6,292.885714,298.742857,11.714286,0.318686,0.2859,0.352343,0.376643
iq,2006,31,2006-08-06,2,32.87,26.87,6.42,20.94,12.34,0.29,6.42,295.2,297.51,88.707143,16.707143,5.438571,304.957143,293.728571,299.342857,11.228571,0.201686,0.201557,0.162557,0.200329
iq,2006,32,2006-08-13,2,33.27,27.28,1.68,21.25,12.32,5.62,1.68,293.08,297.5,79.242857,14.631429,1.77,305.628571,293.4,299.514286,12.228571,0.439786,0.380986,0.367586,0.333314
iq,2006,33,2006-08-20,2,32.54,27.37,6.82,21.67,10.99,10.2,6.82,295.545714,298.648571,84.62,17.065714,3.17,305.771429,295.5,300.635714,10.271429,0.2908,0.3337,0.238675,0.285657
iq,2006,34,2006-08-27,4,31.33,26.69,9.8,21.76,9.24,17.6,9.8,295.144286,298.735714,83.047143,16.691429,3.371429,305.371429,294.1,299.735714,11.271429,0.273643,0.242757,0.208943,0.240886
iq,2006,35,2006-09-03,0,31.63,26.69,9.71,21.9,10.39,17.27,9.71,295.272857,298.28,85.372857,16.777143,3.177143,305.485714,294.314286,299.9,11.171429,0.309783,0.394817,0.350129,0.284683
iq,2006,36,2006-09-10,6,33.6,27.51,12.9,21.41,12.13,2.26,12.9,293.902857,299.265714,75.53,15.457143,1.342857,307.214286,293.485714,300.35,13.728571,0.227786,0.283414,0.283314,0.244371
iq,2006,37,2006-09-17,3,33.79,28.13,15.98,20.73,11.56,0.29,15.98,293.037143,297.802857,77.254286,14.642857,2.342857,304.828571,293.5,299.164286,11.328571,0.28004,0.25855,0.236717,0.236183
iq,2006,38,2006-09-24,2,33.33,27.66,11.74,22.36,10.69,18.43,11.74,294.35,299.34,77.514286,15.91,5.1,307.728571,293.985714,300.857143,13.742857,0.380729,0.307571,0.378367,0.3023
iq,2006,39,2006-10-01,6,33.37,28.69,19.23,22.59,12.27,3.7,19.23,295.738571,299.381429,82.845714,17.254286,6.374286,306.328571,295.042857,300.685714,11.285714,0.4655,0.493443,0.241543,0.4734
iq,2006,40,2006-10-08,2,33.1,28.67,8.64,21.61,13.4,23.13,8.64,295.16,299.465714,80.49,16.738571,3.542857,306.828571,294.042857,300.435714,12.785714,0.35495,0.313917,0.247933,0.350814
iq,2006,41,2006-10-15,7,32.94,28.03,5.96,22.87,9.84,9.94,5.96,296.751429,299.345714,86.852857,18.447143,4.214286,307.057143,295.0,301.028571,12.057143,0.155617,0.154614,0.19152,0.215186
iq,2006,42,2006-10-22,4,33.46,28.43,14.82,23.53,9.79,1.89,14.82,297.764286,299.648571,90.378571,19.595714,7.928571,305.3,296.728571,301.014286,8.571429,0.3215,0.333757,0.2769,0.210086
iq,2006,43,2006-10-29,6,32.46,27.36,7.99,22.03,10.14,19.74,7.99,296.661429,298.794286,89.7,18.311429,7.828571,305.085714,295.742857,300.414286,9.342857,0.488229,0.378829,0.368143,0.437743
iq,2006,44,2006-11-05,6,33.72,28.47,9.64,23.05,10.82,2.67,9.64,296.882857,300.467143,82.934286,18.63,6.104286,307.685714,296.071429,301.878571,11.614286,0.360329,0.324786,0.274014,0.347714
iq,2006,45,2006-11-12,2,32.69,28.66,11.46,23.79,9.44,15.24,11.46,297.852857,299.432857,92.088571,19.731429,9.714286,305.014286,296.814286,300.914286,8.2,0.295129,0.277,0.246386,0.302071
iq,2006,46,2006-11-19,13,32.51,27.63,12.38,22.8,9.81,12.23,12.38,296.201429,297.295714,94.44,17.791429,12.457143,302.114286,294.757143,298.435714,7.357143,0.319143,0.247029,0.186286,0.2737
iq,2006,47,2006-11-26,10,31.23,27.21,6.23,22.71,9.17,29.33,6.23,296.961429,298.098571,94.302857,18.638571,8.775714,303.242857,295.871429,299.557143,7.371429,0.340557,0.328386,0.266257,0.342729
iq,2006,48,2006-12-03,5,32.28,27.9,10.76,23.4,9.03,19.18,10.76,296.988571,299.197143,89.55,18.744286,8.754286,306.314286,295.557143,300.935714,10.757143,0.150471,0.155729,0.151571,0.1926
iq,2006,49,2006-12-10,2,33.14,27.89,14.27,23.54,8.34,1.56,14.27,297.608571,298.202857,96.795714,19.425714,13.574286,302.657143,295.742857,299.2,6.914286,0.447083,0.4276,0.301514,0.340571
iq,2006,50,2006-12-17,0,32.55,28.4,22.54,23.7,8.8,0.0,22.54,297.351429,298.158571,95.875714,19.111429,9.0,302.271429,295.871429,299.071429,6.4,0.3785,0.414786,0.302033,0.349229
iq,2006,51,2006-12-24,1,32.15,28.4,15.93,23.5,8.8,0.0,15.93,296.725714,297.68,95.078571,18.358571,11.457143,302.257143,295.714286,298.985714,6.542857,0.32782,0.35295,0.26192,0.381467
iq,2006,52,2006-01-01,8,32.17,27.34,16.37,22.5,9.34,39.36,16.37,296.935714,298.181429,93.821429,18.584286,30.071429,303.271429,295.885714,299.578571,7.385714,0.3546,0.256333,0.21995,0.322517
iq,2007,1,2007-01-01,0,32.09,27.5,11.37,22.86,9.11,42.49,11.37,296.261429,297.67,93.412857,17.802857,10.757143,302.442857,295.085714,298.764286,7.357143,0.220117,0.1324,0.158957,0.190571
iq,2007,2,2007-01-08,14,30.97,26.96,5.29,23.09,7.74,8.79,5.29,296.388571,297.104286,96.238571,17.962857,20.655714,301.942857,295.214286,298.578571,6.728571,0.173286,0.237957,0.206933,0.1343
iq,2007,3,2007-01-15,6,32.87,27.81,18.13,23.04,9.9,25.43,18.13,296.388571,297.387143,94.647143,17.975714,7.457143,301.957143,294.914286,298.435714,7.042857,0.2719,0.2523,0.2938,0.209414
iq,2007,4,2007-01-22,10,31.74,27.31,13.64,23.04,8.17,21.46,13.64,297.025714,297.614286,96.997143,18.688571,25.855714,301.214286,295.685714,298.45,5.528571,0.193671,0.306857,0.139471,0.2619
iq,2007,5,2007-01-29,5,33.11,27.87,11.96,22.76,10.44,8.57,11.96,296.774286,298.144286,93.135714,18.414286,9.3,304.114286,295.114286,299.614286,9.0,0.174414,0.200314,0.1805,0.159071
iq,2007,6,2007-02-05,12,33.72,28.38,8.83,22.97,10.67,1.65,8.83,295.77,298.33,87.53,17.322857,1.671429,305.042857,294.328571,299.685714,10.714286,0.3175,0.442929,0.401486,0.328543
iq,2007,7,2007-02-12,9,35.04,28.66,2.03,22.21,12.74,8.76,2.03,294.15,299.171429,75.804286,15.685714,0.3,305.9,294.671429,300.285714,11.228571,0.2858,0.319571,0.2957,0.257029
iq,2007,8,2007-02-19,5,35.4,28.64,3.67,22.03,13.47,0.0,3.67,294.165714,300.565714,72.445714,15.918571,1.65,308.771429,295.585714,302.178571,13.185714,0.257014,0.237229,0.118233,0.179086
iq,2007,9,2007-02-26,11,35.39,28.8,7.94,21.59,13.2,4.04,7.94,294.29,299.058571,78.585714,16.02,5.047143,306.414286,294.857143,300.635714,11.557143,0.1735,0.165917,0.199633,0.1745
iq,2007,10,2007-03-05,2,31.6,27.4,16.72,22.1,10.14,36.14,16.72,296.317143,297.45,94.348571,17.911429,32.464286,302.4,295.028571,298.714286,7.371429,0.216,0.227529,0.2136,0.188914
iq,2007,11,2007-03-12,6,31.8,27.31,7.92,22.33,9.41,12.86,7.92,296.301429,296.951429,96.522857,17.881429,7.328571,301.157143,295.042857,298.1,6.114286,0.303317,0.292614,0.285033,0.257143
iq,2007,12,2007-03-19,7,32.87,27.27,21.48,21.95,11.17,44.28,21.48,295.89,297.684286,90.858571,17.47,8.457143,302.814286,294.642857,298.728571,8.171429,0.21324,0.221829,0.223129,0.264371
iq,2007,13,2007-03-26,6,33.03,27.67,13.31,22.89,9.96,7.59,13.31,296.56,297.835714,93.585714,18.214286,8.342857,303.271429,295.028571,299.15,8.242857,0.238671,0.259186,0.244743,0.216229
iq,2007,14,2007-04-02,5,32.6,27.23,13.86,22.73,8.84,13.47,13.86,296.921429,297.717143,95.82,18.594286,34.028571,302.114286,295.5,298.807143,6.614286,0.2381,0.2738,0.1912,0.274957
iq,2007,15,2007-04-09,9,32.79,27.44,14.13,22.73,8.91,20.5,14.13,296.688571,297.555714,95.527143,18.328571,21.081429,301.957143,295.228571,298.592857,6.728571,0.152517,0.157557,0.149486,0.229414
iq,2007,16,2007-04-16,5,32.57,27.4,13.37,22.7,9.48,23.0,13.37,296.014286,297.031429,94.721429,17.551429,6.635714,301.857143,294.328571,298.092857,7.528571,0.143086,0.274314,0.207157,0.168457
iq,2007,17,2007-04-23,8,30.1,26.33,22.55,22.81,7.49,26.1,22.55,296.502857,297.342857,95.525714,18.104286,8.9,301.928571,294.628571,298.278571,7.3,0.271371,0.3006,0.183657,0.203
iq,2007,18,2007-04-30,3,31.81,27.8,14.77,22.46,9.3,10.46,14.77,295.942857,297.225714,93.47,17.517143,6.748571,301.757143,294.385714,298.071429,7.371429,0.194714,0.173086,0.1541,0.295714
iq,2007,19,2007-05-07,4,32.49,28.0,12.74,23.23,8.87,8.17,12.74,295.994286,296.905714,95.037143,17.611429,8.014286,302.9,293.542857,298.221429,9.357143,0.158257,0.232271,0.162286,0.183071
iq,2007,20,2007-05-14,11,31.13,28.24,6.46,22.0,9.91,24.69,6.46,294.012857,295.595714,91.832857,15.648571,12.414286,300.657143,292.342857,296.5,8.314286,0.170186,0.229071,0.1714,0.162
iq,2007,21,2007-05-21,5,32.36,28.11,9.16,22.57,10.54,12.3,9.16,296.168571,297.232857,94.852857,17.718571,9.371429,303.185714,294.228571,298.707143,8.957143,0.364614,0.349686,0.256829,0.3299
iq,2007,22,2007-05-28,8,28.62,23.15,10.95,19.53,9.22,10.3,10.95,294.038571,296.178571,89.28,15.74,4.157143,302.285714,292.085714,297.185714,10.2,0.090057,0.064743,0.082229,0.111057
iq,2007,23,2007-06-04,4,30.01,26.5,5.59,20.93,9.7,1.34,5.59,295.23,296.861429,91.72,16.727143,4.782857,302.742857,293.742857,298.242857,9.0,0.2085,0.233857,0.25695,0.214883
iq,2007,24,2007-06-11,3,31.34,26.5,7.83,21.77,9.23,5.73,7.83,294.928571,296.65,91.458571,16.388571,4.414286,303.128571,293.214286,298.171429,9.914286,0.342071,0.301229,0.2853,0.340557
iq,2007,25,2007-06-18,1,30.06,26.07,11.26,22.07,7.63,12.84,11.26,294.971429,296.118571,94.065714,16.422857,10.042857,300.828571,293.942857,297.385714,6.885714,0.1667,0.1659,0.120786,0.172971
iq,2007,26,2007-06-25,2,30.72,26.52,1.63,21.65,8.38,1.7,1.63,295.178571,296.571429,92.671429,16.631429,3.257143,302.4,293.628571,298.014286,8.771429,0.153457,0.129257,0.174457,0.202214
iq,2007,27,2007-07-02,3,31.09,26.06,0.23,20.41,10.5,0.0,0.23,292.177143,296.828571,78.074286,13.804286,0.2,304.228571,292.0,298.114286,12.228571,0.181443,0.209943,0.269229,0.193457
iq,2007,28,2007-07-09,4,31.87,26.89,2.68,21.66,10.24,7.73,2.68,293.931429,297.385714,83.387143,15.415714,1.862857,304.442857,293.571429,299.007143,10.871429,0.321767,0.3513,0.2734,0.2545
iq,2007,29,2007-07-16,1,30.12,26.5,3.76,22.43,7.53,5.63,3.76,294.941429,296.058571,94.247143,16.391429,5.645714,300.614286,292.885714,296.75,7.728571,0.307557,0.364843,0.3397,0.364243
iq,2007,30,2007-07-23,8,31.83,26.99,3.99,21.29,9.09,0.14,3.99,294.345714,297.64,84.155714,15.845714,1.662857,305.257143,292.9,299.078571,12.357143,0.358971,0.4225,0.401757,0.296086
iq,2007,31,2007-07-30,5,28.6,23.19,10.13,18.39,10.16,7.99,10.13,293.0,296.724286,82.571429,14.718571,3.642857,303.685714,292.185714,297.935714,11.5,0.417229,0.489871,0.369929,0.366971
iq,2007,32,2007-08-06,3,32.44,26.7,5.11,20.64,11.44,4.33,5.11,292.708571,297.82,76.618571,14.337143,0.868571,305.728571,292.957143,299.342857,12.771429,0.278243,0.266957,0.236129,0.2923
iq,2007,33,2007-08-13,2,31.76,26.69,5.25,21.61,10.64,10.93,5.25,294.072857,298.091429,80.935714,15.565714,1.315714,303.8,294.085714,298.942857,9.714286,0.266667,0.196457,0.271933,0.243886
iq,2007,34,2007-08-20,7,32.46,27.07,1.29,21.46,10.74,3.16,1.29,294.195714,298.785714,79.334286,15.757143,1.771429,306.457143,294.885714,300.671429,11.571429,0.339371,0.368714,0.356971,0.329129
iq,2007,35,2007-08-27,1,32.97,26.9,4.32,21.09,12.03,0.0,4.32,293.124286,300.667143,67.757143,14.794286,1.828571,308.285714,294.9,301.592857,13.385714,0.278786,0.373743,0.246357,0.234986
iq,2007,36,2007-09-03,6,30.56,26.76,10.9,21.78,9.42,7.42,10.9,295.682857,297.098571,92.657143,17.182857,8.121429,302.3,294.414286,298.357143,7.885714,0.27955,0.328057,0.282686,0.327714
iq,2007,37,2007-09-10,7,32.04,26.79,7.12,21.66,10.41,21.56,7.12,295.162857,298.56,84.412857,16.65,3.742857,306.2,294.042857,300.121429,12.157143,0.288817,0.3393,0.288957,0.266071
iq,2007,38,2007-09-17,5,33.0,27.43,8.32,21.69,11.29,2.61,8.32,295.834286,298.508571,86.707143,17.367143,4.895714,306.914286,294.514286,300.714286,12.4,0.315657,0.4172,0.3545,0.332643
iq,2007,39,2007-09-24,2,33.59,27.94,8.54,22.04,11.3,11.43,8.54,295.3,299.698571,78.564286,16.804286,1.471429,308.328571,294.528571,301.428571,13.8,0.2309,0.3128,0.236343,0.230886
iq,2007,40,2007-10-01,6,34.5,28.2,5.33,22.18,12.57,9.98,5.33,296.287143,298.281429,89.844286,17.84,10.475714,304.371429,295.271429,299.821429,9.1,0.319971,0.293471,0.254417,0.3151
iq,2007,41,2007-10-08,11,33.64,28.23,5.58,22.41,11.11,20.73,5.58,295.447143,299.575714,80.45,17.01,5.468571,307.185714,295.585714,301.385714,11.6,0.385186,0.438129,0.405071,0.310629
iq,2007,42,2007-10-15,6,32.71,28.74,10.65,22.54,11.57,0.59,10.65,296.587143,299.444286,86.705714,18.265714,12.342857,305.742857,295.914286,300.828571,9.828571,0.225129,0.238386,0.150514,0.195986
iq,2007,43,2007-10-22,3,31.23,27.14,15.25,22.19,9.61,11.33,15.25,295.96,296.971429,94.781429,17.542857,9.704286,302.071429,294.314286,298.192857,7.757143,0.403471,0.4229,0.320229,0.4087
iq,2007,44,2007-10-29,11,32.14,27.58,7.33,22.38,10.34,0.0,7.33,296.978571,297.83,95.592857,18.672857,9.638571,304.342857,294.985714,299.664286,9.357143,0.265743,0.246914,0.2856,0.292314
iq,2007,45,2007-11-05,11,33.61,28.74,9.98,23.14,11.17,5.3,9.98,296.248571,299.478571,84.85,17.978571,7.228571,305.3,295.814286,300.557143,9.485714,0.333457,0.331129,0.324257,0.2469
iq,2007,46,2007-11-12,5,33.04,27.67,15.64,22.47,10.67,14.04,15.64,296.83,298.134286,93.554286,18.548571,14.757143,304.085714,295.4,299.742857,8.685714,0.178429,0.1853,0.12875,0.216771
iq,2007,47,2007-11-19,4,30.4,26.23,7.47,22.66,7.23,16.59,7.47,296.938571,297.681429,96.214286,18.612857,17.742857,301.242857,295.5,298.371429,5.742857,0.228471,0.199671,0.188657,0.234557
iq,2007,48,2007-11-26,9,31.04,27.13,18.48,23.03,8.14,36.43,18.48,297.217143,297.88,96.522857,18.924286,9.367143,302.8,295.857143,299.328571,6.942857,0.16564,0.181914,0.1793,0.1276
iq,2007,49,2007-12-03,23,32.93,27.85,10.45,23.17,9.3,23.67,10.45,296.904286,298.52,91.654286,18.607143,8.257143,303.757143,295.457143,299.607143,8.3,0.299371,0.349843,0.336714,0.261586
iq,2007,50,2007-12-10,28,32.38,29.0,11.91,23.65,9.37,4.18,11.91,296.261429,299.048571,86.755714,17.91,6.097143,305.228571,295.314286,300.271429,9.914286,0.313833,0.293743,0.233514,0.2426
iq,2007,51,2007-12-17,26,31.09,27.69,20.88,23.09,8.91,40.2,20.88,296.397143,297.141429,96.074286,18.034286,12.817143,301.085714,295.4,298.242857,5.685714,0.2698,0.236714,0.275686,0.275514
iq,2007,52,2007-12-24,7,32.09,27.61,7.65,22.83,9.03,1.29,7.65,296.368571,297.64,93.468571,17.982857,8.877143,302.442857,295.014286,298.728571,7.428571,0.1992,0.230822,0.194767,0.171111
iq,2008,1,2008-01-01,29,30.7,26.77,2.85,23.11,7.99,18.91,2.85,294.668571,299.277143,78.67,16.26,3.057143,305.9,295.171429,300.535714,10.728571,0.191471,0.187243,0.155414,0.176014
iq,2008,2,2008-01-08,58,29.59,25.54,10.26,22.69,7.23,30.34,10.26,295.2,296.095714,95.28,16.681429,8.944286,299.085714,293.985714,296.535714,5.1,0.444933,0.469729,0.27585,0.3569
iq,2008,3,2008-01-15,26,32.74,28.16,13.71,22.99,9.77,2.19,13.71,297.09,298.034286,94.968571,18.865714,9.131429,303.771429,295.185714,299.478571,8.585714,0.188229,0.169971,0.220829,0.233243
iq,2008,4,2008-01-22,38,30.76,28.7,14.66,22.66,10.0,6.61,14.66,296.25,297.207143,95.125714,17.84,13.347143,301.328571,295.357143,298.342857,5.971429,0.277971,0.295671,0.324929,0.221914
iq,2008,5,2008-01-29,35,32.27,27.59,15.71,23.19,9.31,17.31,15.71,297.011429,298.398571,93.0,18.685714,9.428571,304.514286,295.428571,299.971429,9.085714,0.35195,0.402971,0.370571,0.3138
iq,2008,6,2008-02-05,37,33.66,27.6,5.53,21.91,11.59,0.73,5.53,294.628571,299.49,78.131429,16.284286,4.0,306.542857,294.985714,300.764286,11.557143,0.225643,0.186071,0.17075,0.1981
iq,2008,7,2008-02-12,20,30.97,26.89,6.75,22.63,8.86,8.61,6.75,296.922857,297.77,95.707143,18.557143,14.745714,302.528571,295.814286,299.171429,6.714286,0.173943,0.173429,0.198917,0.168429
iq,2008,8,2008-02-19,29,31.33,26.86,17.52,22.59,9.01,9.46,17.52,295.608571,297.095714,92.37,17.13,4.842857,302.128571,294.514286,298.321429,7.614286,0.24095,0.187443,0.2236,0.162043
iq,2008,9,2008-02-26,25,31.31,27.1,14.48,22.63,9.07,20.67,14.48,296.381429,296.964286,96.927143,17.947143,10.118571,300.428571,295.014286,297.721429,5.414286,0.349314,0.387871,0.222729,0.267729
iq,2008,10,2008-03-04,23,30.63,26.61,30.12,22.8,8.0,16.21,30.12,295.52,297.754286,88.972857,17.064286,5.585714,303.814286,294.857143,299.335714,8.957143,0.169743,0.200843,0.138667,0.170057
iq,2008,11,2008-03-11,9,31.68,26.88,13.72,22.2,9.27,8.57,13.72,295.9,298.017143,89.268571,17.505714,4.595714,304.1,295.085714,299.592857,9.014286,0.129243,0.150657,0.172957,0.126029
iq,2008,12,2008-03-18,3,31.41,27.2,13.12,22.49,10.0,14.41,13.12,295.475714,296.755714,93.451429,16.997143,12.928571,301.6,294.385714,297.992857,7.214286,0.238333,0.200071,0.232729,0.123943
iq,2008,13,2008-03-25,6,30.96,27.0,8.88,22.67,8.81,40.39,8.88,295.948571,297.094286,94.074286,17.507143,7.622857,301.271429,294.714286,297.992857,6.557143,0.3366,0.377314,0.304214,0.3229
iq,2008,14,2008-04-01,6,32.27,27.6,15.29,23.17,8.67,3.68,15.29,295.854286,297.694286,90.957143,17.421429,3.557143,303.142857,294.542857,298.842857,8.6,0.270083,0.215157,0.190271,0.190657
iq,2008,15,2008-04-08,3,31.65,28.3,10.21,22.35,9.0,8.68,10.21,296.632857,297.537143,95.157143,18.315714,14.28,302.6,295.2,298.9,7.4,0.284357,0.302829,0.353671,0.321786
iq,2008,16,2008-04-15,1,31.81,27.04,13.29,22.26,8.43,8.71,13.29,295.935714,297.447143,92.124286,17.504286,6.565714,302.557143,294.771429,298.664286,7.785714,0.302614,0.328757,0.244671,0.296314
iq,2008,17,2008-04-22,3,31.11,26.8,6.01,22.66,8.47,12.27,6.01,296.382857,296.76,97.971429,17.964286,8.931429,299.857143,294.971429,297.414286,4.885714,0.2706,0.283071,0.371314,0.344229
iq,2008,18,2008-04-29,1,31.47,27.3,6.02,23.5,7.17,5.2,6.02,296.741429,298.072857,93.662857,18.398571,16.57,303.757143,295.071429,299.414286,8.685714,0.061729,0.117843,0.1339,0.094714
iq,2008,19,2008-05-06,1,31.03,26.73,7.21,21.47,8.62,3.0,7.21,294.665714,295.975714,93.158571,16.18,6.728571,300.357143,293.385714,296.871429,6.971429,0.136157,0.134557,0.163157,0.139157
iq,2008,20,2008-05-13,0,29.7,25.75,4.3,21.85,7.92,4.2,4.3,293.244286,294.85,91.504286,14.78,2.582857,299.114286,291.728571,295.421429,7.385714,0.196386,0.225586,0.29632,0.264157
iq,2008,21,2008-05-20,2,30.97,26.39,6.53,22.04,8.51,5.59,6.53,295.638571,296.268571,96.621429,17.144286,8.485714,299.914286,293.957143,296.935714,5.957143,0.221017,0.199471,0.235317,0.180443
iq,2008,22,2008-05-27,1,31.64,26.31,10.29,22.76,8.73,11.46,10.29,295.994286,296.741429,96.025714,17.52,19.237143,300.571429,294.814286,297.692857,5.757143,0.12245,0.103314,0.1571,0.086
iq,2008,23,2008-06-03,1,30.35,26.83,4.3,21.72,7.05,1.72,4.3,295.21,296.4,93.982857,16.711429,10.43,300.742857,293.971429,297.357143,6.771429,0.195186,0.133614,0.157714,0.184429
iq,2008,24,2008-06-10,0,30.2,26.8,1.9,20.68,6.8,2.12,1.9,293.891429,296.187143,88.81,15.375714,1.842857,302.014286,292.714286,297.364286,9.3,0.293743,0.291957,0.264367,0.246629
iq,2008,25,2008-06-17,0,30.2,26.8,15.88,21.79,6.8,12.67,15.88,295.934286,296.742857,95.86,17.447143,8.267143,301.128571,294.171429,297.65,6.957143,0.224029,0.245214,0.175471,0.265657
iq,2008,26,2008-06-24,1,30.2,26.8,12.84,21.35,6.8,12.92,12.84,295.192857,296.458571,93.795714,16.712857,8.828571,300.942857,293.557143,297.25,7.385714,0.197043,0.265614,0.277983,0.213943
iq,2008,27,2008-07-01,0,30.2,26.8,0.0,21.46,6.8,0.19,0.0,293.83,296.542857,86.524286,15.285714,1.342857,302.528571,293.085714,297.807143,9.442857,0.304829,0.255814,0.233671,0.248914
iq,2008,28,2008-07-08,3,30.2,26.8,0.0,21.7,6.8,0.33,0.0,293.594286,296.545714,85.655714,15.08,1.067143,302.114286,292.842857,297.478571,9.271429,0.15385,0.132886,0.149586,0.329443
iq,2008,29,2008-07-15,3,30.2,26.8,8.98,21.43,6.8,7.03,8.98,294.691429,296.078571,93.055714,16.142857,3.904286,301.628571,293.185714,297.407143,8.442857,0.232386,0.198429,0.213957,0.2203
iq,2008,30,2008-07-22,1,31.09,26.54,7.48,21.47,9.07,3.86,7.48,295.002857,296.545714,92.777143,16.582857,6.798571,301.614286,293.014286,297.314286,8.6,0.327017,0.30955,0.209117,0.283767
iq,2008,31,2008-07-29,5,32.47,26.74,6.38,21.17,11.47,3.93,6.38,295.37,297.044286,92.048571,16.872857,5.571429,303.385714,293.614286,298.5,9.771429,0.3548,0.392117,0.34655,0.267417
iq,2008,32,2008-08-05,2,33.66,27.69,4.64,21.49,11.96,2.7,4.64,295.505714,297.31,91.092857,17.057143,20.478571,303.442857,293.7,298.571429,9.742857,0.2002,0.199729,0.251386,0.211343
iq,2008,33,2008-08-12,5,33.21,27.61,3.72,21.34,11.19,1.46,3.72,295.347143,297.214286,90.727143,16.847143,5.67,303.171429,293.828571,298.5,9.342857,0.430371,0.465729,0.433014,0.436914
iq,2008,34,2008-08-19,5,35.36,27.91,1.84,20.4,14.63,1.13,1.84,294.418571,299.228571,78.277143,15.998571,4.714286,307.085714,293.528571,300.307143,13.557143,0.2833,0.3805,0.304471,0.274457
iq,2008,35,2008-08-26,5,34.17,27.97,8.31,21.47,13.14,6.29,8.31,295.092857,298.574286,84.491429,16.652857,5.285714,305.514286,294.771429,300.142857,10.742857,0.318186,0.3236,0.319767,0.308171
iq,2008,36,2008-09-02,9,33.38,27.12,4.94,20.98,12.5,1.43,4.94,294.861429,298.531429,83.05,16.465714,4.142857,305.4,294.742857,300.071429,10.657143,0.3398,0.309233,0.3691,0.2888
iq,2008,37,2008-09-09,17,33.92,27.75,12.31,21.48,12.37,3.52,12.31,295.484286,296.921429,92.652857,17.03,8.442857,302.085714,294.4,298.242857,7.685714,0.2319,0.232783,0.27625,0.2612
iq,2008,38,2008-09-16,19,32.86,27.27,9.35,21.43,11.49,6.43,9.35,295.307143,297.588571,88.525714,16.818571,7.642857,302.714286,294.142857,298.428571,8.571429,0.2168,0.336267,0.277333,0.208933
iq,2008,39,2008-09-23,25,33.0,27.11,8.77,21.14,11.74,3.84,8.77,295.49,297.66,90.181429,17.047143,9.038571,302.7,294.542857,298.621429,8.157143,0.41495,0.400686,0.363429,0.3224
iq,2008,40,2008-09-30,45,34.77,26.2,3.47,21.5,10.8,0.14,3.47,294.761429,299.178571,79.502857,16.331429,17.328571,307.542857,294.757143,301.15,12.785714,0.393086,0.404843,0.378271,0.3437
iq,2008,41,2008-10-07,34,36.71,28.27,9.92,22.84,12.83,8.24,9.92,295.361429,300.101429,78.454286,17.018571,7.7,307.414286,295.4,301.407143,12.014286,0.160557,0.206114,0.163871,0.194933
iq,2008,42,2008-10-14,63,32.23,26.55,9.91,21.7,8.9,5.0,9.91,295.915714,298.35,88.857143,17.527143,9.7,304.885714,294.914286,299.9,9.971429,0.2882,0.357971,0.227857,0.280757
iq,2008,43,2008-10-21,44,32.96,27.33,7.52,22.03,10.03,2.73,7.52,296.701429,297.867143,93.854286,18.388571,15.985714,303.342857,294.628571,298.985714,8.714286,0.329157,0.256843,0.2279,0.273343
iq,2008,44,2008-10-28,50,33.35,27.73,6.23,21.75,11.88,0.0,6.23,296.825714,298.372857,92.608571,18.484286,21.3,304.085714,295.514286,299.8,8.571429,0.161743,0.219614,0.1962,0.198271
iq,2008,45,2008-11-04,35,33.69,27.71,8.26,21.67,11.96,18.0,8.26,297.468571,298.464286,95.29,19.252857,15.354286,303.071429,295.985714,299.528571,7.085714,0.501029,0.545729,0.445,0.427686
iq,2008,46,2008-11-11,16,34.93,28.36,8.62,21.8,13.11,3.66,8.62,296.01,298.498571,88.328571,17.625714,9.128571,305.228571,295.214286,300.221429,10.014286,0.304286,0.400386,0.294643,0.306271
iq,2008,47,2008-11-18,16,34.08,28.02,8.49,22.15,12.48,1.77,8.49,297.741429,298.89,94.141429,19.617143,28.502857,304.214286,296.4,300.307143,7.814286,0.193057,0.183057,0.196529,0.176257
iq,2008,48,2008-11-25,13,31.81,27.14,11.59,21.84,10.44,8.43,11.59,297.577143,298.53,95.26,19.388571,12.954286,303.271429,296.171429,299.721429,7.1,0.251014,0.3213,0.288314,0.2537
iq,2008,49,2008-12-02,9,32.11,26.83,6.43,21.76,10.61,12.16,6.43,297.044286,298.111429,94.64,18.778571,19.935714,302.7,295.557143,299.128571,7.142857,0.164367,0.154917,0.19635,0.173133
iq,2008,50,2008-12-09,15,33.03,27.3,9.15,21.86,10.97,1.73,9.15,296.182857,298.651429,88.551429,17.784286,7.607143,304.814286,295.614286,300.214286,9.2,0.289417,0.258086,0.34778,0.274829
iq,2008,51,2008-12-16,4,33.86,27.69,10.13,22.29,12.39,7.29,10.13,296.847143,298.528571,91.777143,18.572857,8.23,304.785714,295.728571,300.257143,9.057143,0.178386,0.1923,0.219171,0.249729
iq,2008,52,2008-12-23,0,34.03,28.07,7.87,22.05,11.8,0.08,7.87,295.594286,299.557143,81.868571,17.248571,5.942857,305.942857,295.6,300.771429,10.342857,0.263412,0.226625,0.219875,0.200088
iq,2009,1,2009-01-01,1,34.03,28.07,7.87,22.05,11.8,0.08,7.87,295.594286,299.557143,81.868571,17.248571,5.942857,305.942857,295.6,300.771429,10.342857,0.151286,0.119443,0.161686,0.153271
iq,2009,2,2009-01-08,10,33.06,27.69,7.47,22.04,11.86,13.71,7.47,296.784286,297.725714,95.222857,18.461429,13.364286,302.757143,295.257143,299.007143,7.5,0.229917,0.22305,0.12234,0.261167
iq,2009,3,2009-01-15,11,32.2,27.1,10.29,21.99,10.17,9.57,10.29,296.418571,296.682857,98.61,17.995714,21.395714,299.271429,295.557143,297.414286,3.714286,0.188486,0.2775,0.188186,0.203914
iq,2009,4,2009-01-22,29,32.63,27.39,10.88,22.2,10.47,2.71,10.88,295.137143,296.55,92.467143,16.641429,7.687143,300.757143,294.271429,297.514286,6.485714,0.188457,0.213929,0.199314,0.2027
iq,2009,5,2009-01-29,35,33.13,27.61,16.93,21.97,11.8,10.56,16.93,296.514286,297.495714,94.928571,18.13,9.442857,302.871429,294.728571,298.8,8.142857,0.166733,0.161717,0.173733,0.190433
iq,2009,6,2009-02-05,30,32.77,27.51,21.29,21.54,12.23,3.73,21.29,296.84,297.405714,97.007143,18.484286,13.328571,300.785714,295.6,298.192857,5.185714,0.279914,0.307657,0.240286,0.195729
iq,2009,7,2009-02-12,20,33.67,28.01,8.64,21.69,12.43,2.73,8.64,296.194286,297.322857,94.234286,17.765714,6.96,302.057143,294.885714,298.471429,7.171429,0.170271,0.142971,0.151114,0.140471
iq,2009,8,2009-02-19,21,34.03,27.93,17.83,21.4,12.83,15.19,17.83,296.254286,297.685714,92.905714,17.852857,17.714286,302.428571,295.6,299.014286,6.828571,0.188786,0.202986,0.159457,0.156871
iq,2009,9,2009-02-26,12,31.64,26.53,21.06,21.14,10.29,17.17,21.06,296.494286,297.391429,95.121429,18.128571,14.674286,302.4,295.328571,298.864286,7.071429,0.28236,0.316017,0.305117,0.294083
iq,2009,10,2009-03-05,9,33.47,28.34,8.37,21.77,11.81,1.86,8.37,296.71,297.844286,94.378571,18.354286,12.468571,302.4,295.6,299.0,6.8,0.362071,0.379286,0.3367,0.3453
iq,2009,11,2009-03-12,11,33.3,27.7,13.97,21.2,11.05,0.0,13.97,296.715714,297.058571,98.134286,18.352857,15.547143,301.028571,295.0,298.014286,6.028571,0.203429,0.201871,0.178443,0.225971
iq,2009,12,2009-03-19,9,33.32,27.55,15.24,21.72,11.15,2.38,15.24,296.5,297.365714,95.708571,18.105714,9.547143,301.342857,295.157143,298.25,6.185714,0.157883,0.201386,0.1921,0.213729
iq,2009,13,2009-03-26,5,34.14,28.0,14.4,22.5,10.79,7.44,14.4,296.184286,297.152857,94.902857,17.78,7.132857,301.5,295.142857,298.321429,6.357143,0.223586,0.305786,0.259133,0.263286
iq,2009,14,2009-04-02,11,33.68,28.04,18.74,22.46,11.06,2.38,18.74,296.545714,297.245714,96.395714,18.175714,9.042857,301.757143,295.014286,298.385714,6.742857,0.089057,0.099343,0.05895,0.089271
iq,2009,15,2009-04-09,3,32.67,27.44,19.07,22.17,10.8,21.56,19.07,295.804286,297.89,89.672857,17.42,7.234286,303.414286,294.385714,298.9,9.028571,0.146843,0.148771,0.141657,0.141186
iq,2009,16,2009-04-16,5,32.24,26.73,14.25,21.67,10.81,10.19,14.25,296.135714,296.635714,97.3,17.704286,10.642857,300.814286,294.428571,297.621429,6.385714,0.2236,0.216143,0.178829,0.175
iq,2009,17,2009-04-23,5,31.6,26.67,7.53,21.91,8.49,7.3,7.53,296.887143,297.545714,96.664286,18.504286,8.962857,300.771429,295.785714,298.278571,4.985714,0.195343,0.202386,0.285671,0.161186
iq,2009,18,2009-04-30,4,32.73,27.53,14.27,21.95,10.77,7.63,14.27,296.448571,297.404286,95.078571,18.018571,13.4,301.457143,295.185714,298.321429,6.271429,0.283586,0.316129,0.345514,0.237443
iq,2009,19,2009-05-07,4,32.4,27.53,4.39,22.39,9.83,3.6,4.39,296.484286,297.562857,95.1,18.09,8.5,302.114286,294.971429,298.542857,7.142857,0.190757,0.2192,0.264557,0.253886
iq,2009,20,2009-05-14,1,33.16,27.94,5.5,22.36,10.61,0.73,5.5,296.271429,297.607143,93.298571,17.858571,6.632857,303.542857,294.471429,299.007143,9.071429,0.207743,0.216043,0.227857,0.2542
iq,2009,21,2009-05-21,0,33.44,28.27,9.49,22.4,11.37,7.26,9.49,296.012857,297.724286,91.79,17.585714,5.698571,304.557143,294.485714,299.521429,10.071429,0.331214,0.344514,0.2172,0.209386
iq,2009,22,2009-05-28,2,32.91,27.44,5.72,22.29,10.09,2.71,5.72,296.264286,296.704286,97.742857,17.83,10.428571,300.328571,294.714286,297.521429,5.614286,0.238343,0.190143,0.197317,0.1655
iq,2009,23,2009-06-04,3,33.33,28.1,6.03,22.2,11.8,0.0,6.03,295.267143,296.125714,95.507143,16.757143,7.701429,299.814286,293.742857,296.778571,6.071429,0.114,0.126286,0.092443,0.097471
iq,2009,24,2009-06-11,3,28.9,24.73,1.25,20.79,8.37,3.84,1.25,293.91,295.104286,94.13,15.482857,16.044286,298.9,292.657143,295.778571,6.242857,0.187129,0.199471,0.1578,0.143457
iq,2009,25,2009-06-18,5,32.69,27.07,6.19,20.96,11.27,2.57,6.19,294.862857,296.031429,93.971429,16.362857,6.567143,301.171429,293.457143,297.314286,7.714286,0.291671,0.389114,0.307029,0.356229
iq,2009,26,2009-06-25,2,32.51,27.29,20.24,21.81,11.13,5.8,20.24,296.11,297.217143,94.555714,17.667143,9.487143,302.842857,294.2,298.521429,8.642857,0.2708,0.200157,0.205183,0.240129
